,TEAM,POS,PLAYER,GP,GS,MIN,PPG,OFFR,DEFR,RPG,APG,SPG,BPG,TPG,FPG,A/TO,PER
0,bos, PG,Isaiah Thomas,50,47,32.3,21.5,0.5,2.4,3.0,6.6,1.14,0.06,2.8,2.0,2.4,21.5
1,bos, PG,Avery Bradley,45,41,32.6,14.8,0.6,2.0,2.6,2.1,1.62,0.27,1.5,2.1,1.4,13.1
2,bos, SF,Jae Crowder,50,50,32.1,14.3,1.0,4.1,5.0,1.8,1.76,0.54,1.3,2.5,1.5,16.2
3,bos, C,Kelly Olynyk,49,8,20.9,10.4,1.1,3.3,4.4,1.7,0.84,0.63,1.2,2.5,1.4,17.1
4,bos, PG,Marcus Smart,29,8,27.3,9.6,1.3,2.9,4.2,3.0,1.79,0.34,1.2,2.9,2.6,12.9
5,bos, SG,Evan Turner,50,4,26.9,9.6,0.6,3.9,4.5,4.1,0.96,0.28,2.1,1.6,1.9,12.6
6,bos, C,Jared Sullinger,49,41,23.4,9.5,2.4,6.1,8.6,2.1,0.90,0.65,1.3,2.7,1.6,15.7
7,bos, PF,Amir Johnson,47,44,23.7,7.8,2.3,4.2,6.5,1.7,0.68,1.13,1.1,2.8,1.5,16.5
8,bos, PF,David Lee,30,4,15.7,7.1,1.4,3.0,4.3,1.8,0.40,0.43,1.3,1.7,1.4,15.8
9,bos, C,Tyler Zeller,32,3,9.4,4.8,1.0,1.5,2.5,0.3,0.22,0.13,0.8,1.5,0.4,13.1
10,bos, PF,Jonas Jerebko,49,0,13.7,3.8,0.9,2.3,3.2,0.8,0.27,0.14,0.6,1.7,1.4,9.6
11,bos, SG,R.J. Hunter,24,0,10.3,2.8,0.1,1.2,1.3,0.4,0.50,0.17,0.3,1.2,1.3,6.4
12,bos, PF,Jordan Mickey,3,0,2.0,2.3,0.7,0.3,1.0,0.3,0.00,0.33,0.0,0.3,0.0,68.0
13,bos, PG,Terry Rozier,18,0,5.9,1.6,0.4,0.6,1.1,0.6,0.00,0.00,0.4,0.6,1.4,-0.2
14,bkn, C,Brook Lopez,49,49,33.6,20.2,2.9,5.6,8.4,1.6,0.78,1.92,2.2,3.0,0.7,22.1
15,bkn, PF,Thaddeus Young,49,49,32.4,14.9,2.6,6.3,8.9,1.6,1.51,0.39,1.8,2.4,0.9,17.7
16,bkn, PG,Jarrett Jack,32,32,32.1,12.8,0.3,4.0,4.3,7.4,1.06,0.22,2.9,2.4,2.5,15.0
17,bkn, SF,Joe Johnson,49,49,34.2,11.3,0.7,3.3,3.9,3.8,0.65,0.02,1.9,1.8,2.1,10.0
18,bkn, SG,Bojan Bogdanovic,49,17,26.6,9.1,0.5,2.8,3.3,1.0,0.45,0.06,1.2,1.4,0.8,9.1
19,bkn, C,Andrea Bargnani,43,0,14.0,6.9,0.6,1.5,2.1,0.3,0.09,0.19,0.6,1.3,0.6,12.6
20,bkn, PG,Shane Larkin,45,5,20.6,6.8,0.2,2.0,2.2,3.9,1.24,0.20,1.7,1.6,2.3,14.2
21,bkn, SG,Wayne Ellington,48,14,19.7,6.8,0.2,2.0,2.2,0.9,0.65,0.06,0.6,1.0,1.5,9.6
22,bkn, PG,Donald Sloan,29,12,18.7,5.3,0.4,2.3,2.7,4.0,0.45,0.03,1.4,0.9,2.8,13.4
23,bkn, SG,Rondae Hollis-Jefferson,19,14,22.1,5.2,1.7,4.4,6.1,1.4,1.42,0.42,1.1,2.2,1.3,13.7
24,bkn, PF,Willie Reed,26,0,10.3,4.2,1.0,1.7,2.7,0.2,0.12,0.54,0.5,1.3,0.4,16.6
25,bkn, PF,Thomas Robinson,43,0,9.8,3.4,1.3,2.3,3.6,0.2,0.37,0.49,0.7,1.2,0.3,15.1
26,bkn, SG,Markel Brown,30,4,10.7,2.5,0.1,1.0,1.2,0.9,0.33,0.17,0.5,1.2,1.9,5.2
27,ny, SF,Carmelo Anthony,45,45,34.6,21.2,1.5,6.3,7.7,4.1,0.89,0.53,2.5,2.5,1.6,20.5
28,ny, SG,Arron Afflalo,43,43,33.5,14.0,0.3,3.2,3.5,1.9,0.35,0.19,1.1,2.3,1.8,12.0
29,ny, PF,Kristaps Porzingis,50,50,28.0,13.8,2.1,5.6,7.7,1.2,0.82,1.88,1.7,2.9,0.7,18.4
30,ny, PF,Derrick Williams,50,0,17.4,9.3,0.6,3.2,3.8,0.9,0.40,0.12,0.6,0.9,1.4,18.1
31,ny, C,Robin Lopez,51,51,25.1,9.0,2.8,3.4,6.2,1.5,0.18,1.41,1.5,2.4,0.9,16.0
32,ny, SF,Lance Thomas,48,5,21.8,8.6,0.6,1.5,2.1,0.9,0.42,0.15,1.0,1.8,0.8,12.1
33,ny, SG,Langston Galloway,51,5,24.7,7.9,0.5,3.1,3.6,2.3,0.86,0.25,0.6,2.0,3.6,12.9
34,ny, PG,Jose Calderon,47,47,27.7,7.5,0.4,2.7,3.0,4.0,0.98,0.11,1.1,1.7,3.6,13.3
35,ny, PG,Jerian Grant,48,0,16.1,4.8,0.3,1.5,1.8,2.4,0.52,0.10,1.1,1.4,2.3,9.2
36,ny, PF,Kyle O'Quinn,40,1,11.7,4.7,1.2,2.6,3.8,1.2,0.40,0.68,1.1,1.7,1.1,17.5
37,ny, C,Kevin Seraphin,31,0,10.6,3.8,0.7,1.5,2.3,1.1,0.19,0.77,1.0,1.3,1.1,10.6
38,ny, SG,Sasha Vujacic,34,8,12.8,3.8,0.4,1.6,1.9,1.2,0.56,0.06,0.7,1.1,1.6,8.5
39,ny, SF,Thanasis Antetokounmpo,2,0,3.0,3.0,0.0,0.5,0.5,0.0,0.00,0.00,0.0,1.0,0.0,33.5
40,ny, PF,Lou Amundson,21,0,7.7,2.2,0.8,1.1,1.9,0.4,0.24,0.19,0.4,1.8,1.0,8.7
41,phi, C,Jahlil Okafor,42,37,30.6,17.3,2.3,4.9,7.2,1.2,0.43,1.12,2.2,2.4,0.5,16.8
42,phi, PG,Ish Smith,17,17,31.4,15.9,0.6,2.8,3.5,8.1,1.47,0.29,2.9,1.9,2.8,16.2
43,phi, SF,Robert Covington,39,25,27.0,11.4,0.8,5.0,5.8,1.5,1.56,0.64,2.3,3.4,0.7,12.3
44,phi, PF,Nerlens Noel,42,38,29.2,10.7,2.2,6.0,8.3,1.4,1.57,1.55,2.4,2.5,0.6,15.7
45,phi, PG,Isaiah Canaan,47,24,24.6,10.4,0.2,1.9,2.2,1.9,0.79,0.21,1.4,1.6,1.4,11.4
46,phi, SF,Jerami Grant,46,31,25.5,9.2,1.2,3.2,4.4,1.4,0.78,1.54,1.3,2.8,1.1,13.2
47,phi, SG,Hollis Thompson,46,2,26.9,8.8,0.6,2.7,3.4,1.1,0.43,0.33,1.2,2.5,1.0,8.5
48,phi, SG,Tony Wroten,8,3,18.0,8.4,0.3,2.4,2.6,2.5,0.38,0.00,3.6,1.4,0.7,2.3
49,phi, PF,Carl Landry,11,2,12.8,7.8,0.9,2.0,2.9,0.4,0.45,0.27,0.8,1.7,0.4,20.6
50,phi, SG,Nik Stauskas,42,21,23.8,7.2,0.3,2.0,2.3,1.8,0.60,0.38,1.2,1.4,1.5,8.0
51,phi, PF,Richaun Holmes,35,1,14.3,6.1,1.2,1.4,2.5,0.6,0.31,0.74,0.5,1.7,1.2,17.3
52,phi, PG,T.J. McConnell,48,16,21.0,6.1,0.6,3.2,3.8,4.8,1.33,0.17,2.0,1.5,2.4,14.7
53,phi, SG,JaKarr Sampson,45,18,15.1,5.2,0.7,2.2,2.9,0.7,0.24,0.36,1.1,2.0,0.6,8.1
54,phi, PG,Phil Pressey,14,0,12.1,3.9,0.0,1.6,1.6,3.3,0.79,0.07,1.4,1.0,2.4,12.3
55,phi, PG,Kendall Marshall,12,5,14.3,3.8,0.1,1.0,1.1,3.3,0.50,0.00,2.1,0.7,1.6,5.6
56,tor, SG,DeMar DeRozan,49,49,36.2,23.2,0.8,3.6,4.3,4.1,1.02,0.35,2.3,2.1,1.8,21.4
57,tor, PG,Kyle Lowry,49,49,36.7,20.8,0.7,4.2,4.9,6.2,2.27,0.49,2.9,2.7,2.1,22.7
58,tor, C,Jonas Valanciunas,32,31,26.3,12.2,3.3,6.1,9.4,0.8,0.34,1.16,1.6,2.5,0.5,21.0
59,tor, SF,DeMarre Carroll,23,22,32.0,11.7,1.2,3.6,4.8,1.0,1.65,0.22,1.2,2.5,0.9,11.6
60,tor, PF,Luis Scola,49,49,23.0,9.7,1.4,4.0,5.4,0.8,0.69,0.43,1.0,2.4,0.9,14.9
61,tor, SF,Terrence Ross,43,7,23.4,8.8,0.3,2.0,2.3,0.7,0.84,0.42,0.7,1.4,0.9,12.7
62,tor, PG,Cory Joseph,49,0,25.8,8.6,0.4,2.1,2.5,3.1,0.82,0.29,1.3,1.6,2.3,13.0
63,tor, PF,Patrick Patterson,49,0,24.2,6.2,0.8,3.5,4.3,1.1,0.71,0.33,0.8,1.5,1.4,9.7
64,tor, C,Bismack Biyombo,49,18,22.6,5.6,2.2,6.0,8.3,0.3,0.18,1.51,1.0,2.8,0.3,13.9
65,tor, PF,James Johnson,40,19,15.4,5.0,0.6,1.7,2.2,1.0,0.55,0.60,1.0,1.4,1.1,13.1
66,tor, C,Lucas Nogueira,16,0,8.1,2.8,0.5,0.9,1.4,0.2,0.56,0.31,0.3,1.1,0.6,18.9
67,tor, PF,Anthony Bennett,14,0,5.1,1.6,0.4,1.1,1.5,0.0,0.29,0.00,0.3,0.6,0.0,9.1
68,tor, SG,Norman Powell,21,1,5.5,1.1,0.3,0.7,1.0,0.3,0.43,0.05,0.2,0.5,1.2,3.3
69,tor, PG,Delon Wright,12,0,3.0,1.1,0.1,0.4,0.5,0.3,0.08,0.00,0.3,0.2,1.3,8.9
70,gs, PG,Stephen Curry,46,46,33.7,29.4,0.8,4.4,5.2,6.5,2.15,0.20,3.3,2.0,2.0,32.0
71,gs, SG,Klay Thompson,46,46,32.7,21.4,0.4,3.4,3.8,2.3,0.46,0.74,1.9,2.0,1.2,18.7
72,gs, PF,Draymond Green,47,47,34.2,14.6,1.7,7.7,9.5,7.3,1.40,1.28,3.0,2.9,2.5,20.3
73,gs, SF,Harrison Barnes,32,25,29.0,11.9,1.1,3.4,4.5,1.8,0.84,0.16,0.9,2.0,2.0,13.7
74,gs, SF,Andre Iguodala,47,1,27.3,7.5,0.9,3.4,4.3,3.5,1.21,0.34,1.2,1.6,2.8,13.6
75,gs, C,Festus Ezeli,40,11,17.8,7.5,2.1,3.8,5.9,0.8,0.43,1.23,0.9,2.3,0.9,18.3
76,gs, SG,Leandro Barbosa,35,0,15.0,6.5,0.3,1.1,1.5,1.5,0.80,0.14,1.0,1.6,1.5,12.8
77,gs, PG,Shaun Livingston,45,2,19.6,6.4,0.6,1.2,1.8,2.9,0.60,0.24,0.9,1.7,3.3,13.6
78,gs, C,Marreese Speights,39,0,10.7,5.7,1.1,2.2,3.3,0.8,0.21,0.33,0.9,1.6,0.8,12.1
79,gs, C,Andrew Bogut,41,37,20.7,5.5,1.8,5.7,7.5,2.0,0.32,1.61,1.2,3.1,1.8,15.6
80,gs, SF,Brandon Rush,39,23,16.2,5.2,0.4,2.4,2.7,0.9,0.33,0.33,0.5,0.8,1.7,11.7
81,gs, SG,Ian Clark,42,1,9.7,4.3,0.2,0.8,1.0,1.0,0.26,0.24,0.7,0.9,1.4,13.1
82,gs, PF,Jason Thompson,25,1,6.7,2.3,0.4,1.7,2.1,0.7,0.12,0.32,0.3,1.5,2.6,13.7
83,gs, SF,James Michael McAdoo,25,0,5.9,2.3,0.6,0.7,1.3,0.4,0.28,0.20,0.4,0.7,1.0,15.0
84,lac, PF,Blake Griffin,30,30,34.9,23.2,1.6,7.0,8.7,5.0,0.70,0.57,2.4,2.8,2.1,23.5
85,lac, PG,Chris Paul,43,43,32.4,18.8,0.6,3.2,3.8,9.5,2.07,0.16,2.7,2.7,3.5,25.0
86,lac, SG,J.J. Redick,44,44,27.7,16.3,0.1,1.6,1.7,1.5,0.52,0.05,1.0,1.7,1.6,18.4
87,lac, SG,Jamal Crawford,48,3,25.5,12.8,0.2,1.4,1.6,2.1,0.48,0.15,1.3,1.5,1.6,13.1
88,lac, C,DeAndre Jordan,46,46,33.4,11.9,3.7,10.2,13.8,1.0,0.48,2.22,1.1,2.8,0.9,20.4
89,lac, PG,Austin Rivers,45,5,21.9,8.2,0.3,1.5,1.9,1.3,0.69,0.20,0.9,2.2,1.5,9.9
90,lac, SF,Wesley Johnson,48,5,18.6,6.7,0.4,2.1,2.5,0.6,0.98,0.54,0.6,1.9,1.0,12.3
91,lac, C,Josh Smith,32,1,14.3,5.7,1.0,2.9,3.9,1.3,0.56,1.06,1.3,1.9,1.0,13.4
92,lac, SF,Paul Pierce,44,18,17.5,5.6,0.2,2.6,2.8,1.0,0.45,0.23,0.7,1.8,1.4,7.7
93,lac, C,Cole Aldrich,26,2,11.7,5.5,1.0,2.8,3.8,1.0,0.62,0.69,0.8,2.0,1.1,20.4
94,lac, SF,Lance Stephenson,38,10,15.6,4.3,0.5,2.1,2.6,1.4,0.55,0.08,1.1,1.8,1.3,9.1
95,lac, PF,Luc Richard Mbah a Moute,46,32,16.1,2.9,0.9,1.5,2.4,0.4,0.46,0.33,0.5,1.3,0.8,7.3
96,lac, PG,Pablo Prigioni,28,1,14.0,2.1,0.6,1.3,1.9,2.0,1.11,0.00,0.9,1.3,2.3,10.3
97,lac, SF,Branden Dawson,2,0,6.5,1.0,1.0,0.5,1.5,0.0,0.00,0.50,0.0,1.0,0.0,7.9
98,lac, SG,C.J. Wilcox,7,0,3.0,0.9,0.0,0.3,0.3,0.3,0.00,0.00,0.0,0.1,0.0,0.4
99,lal, SF,Kobe Bryant,41,41,29.0,16.4,0.7,3.4,4.0,3.5,0.98,0.20,2.2,2.0,1.6,13.9
100,lal, SG,Louis Williams,48,30,29.5,15.4,0.4,2.3,2.7,2.7,1.00,0.33,1.6,1.7,1.7,17.4
101,lal, PG,Jordan Clarkson,49,49,32.1,15.2,1.1,2.7,3.8,2.4,1.10,0.14,1.8,2.1,1.3,14.2
102,lal, PG,D'Angelo Russell,49,22,27.0,12.0,0.6,3.1,3.7,3.3,1.14,0.16,2.4,1.6,1.4,13.0
103,lal, PF,Julius Randle,50,29,27.1,11.0,2.2,7.5,9.7,1.6,0.64,0.44,1.8,3.0,0.9,13.5
104,lal, SF,Nick Young,41,0,19.0,7.3,0.3,1.4,1.7,0.6,0.49,0.12,0.6,0.9,1.0,9.6
105,lal, C,Roy Hibbert,51,51,24.8,6.7,1.7,3.6,5.3,1.4,0.35,1.63,1.1,3.2,1.3,11.8
106,lal, PF,Brandon Bass,43,0,18.3,6.2,1.5,2.6,4.1,1.2,0.49,0.86,0.6,1.8,2.0,17.7
107,lal, PF,Larry Nance Jr.,40,22,20.3,5.8,1.5,3.5,5.0,0.7,0.83,0.25,0.7,2.0,1.0,13.4
108,lal, PF,Ryan Kelly,19,0,13.2,5.3,0.6,3.3,3.9,0.7,0.42,0.42,0.6,0.9,1.2,14.2
109,lal, SF,Metta World Peace,19,3,17.5,4.9,0.5,2.0,2.5,0.9,0.63,0.47,0.4,1.8,2.1,8.6
110,lal, SF,Anthony Brown,24,8,19.6,3.8,0.3,2.0,2.3,0.5,0.42,0.21,0.6,1.1,0.9,4.7
111,lal, C,Tarik Black,16,0,11.4,3.6,0.9,3.1,4.0,0.3,0.25,0.38,0.6,2.1,0.5,12.6
112,lal, C,Robert Sacre,16,0,12.6,3.0,1.1,1.4,2.4,0.7,0.13,0.56,0.5,1.7,1.4,8.8
113,phx, PG,Eric Bledsoe,31,31,34.2,20.4,0.6,3.5,4.0,6.1,2.03,0.61,3.5,2.4,1.7,20.7
114,phx, PG,Brandon Knight,42,41,36.3,19.7,0.6,3.1,3.7,5.1,1.29,0.31,3.5,2.4,1.5,15.3
115,phx, SF,T.J. Warren,47,4,22.8,11.0,1.2,1.9,3.1,0.9,0.79,0.34,0.7,2.0,1.4,16.2
116,phx, PF,Markieff Morris,33,20,23.8,10.8,1.0,4.0,5.1,2.1,0.88,0.36,2.3,2.7,0.9,10.5
117,phx, SG,Devin Booker,44,19,22.1,10.3,0.3,1.7,2.0,1.5,0.50,0.14,1.3,2.5,1.1,12.8
118,phx, PF,Mirza Teletovic,48,1,18.1,9.6,0.5,2.5,3.0,1.0,0.31,0.29,0.8,1.5,1.3,15.9
119,phx, PF,Jon Leuer,43,22,20.2,8.6,1.0,4.6,5.6,1.3,0.56,0.42,1.2,2.0,1.1,15.4
120,phx, SG,Archie Goodwin,30,8,17.8,7.9,0.4,1.9,2.3,1.9,0.53,0.27,1.5,1.1,1.2,12.3
121,phx, SF,P.J. Tucker,50,48,29.2,6.8,1.7,4.0,5.7,1.8,1.18,0.28,1.2,2.3,1.6,10.2
122,phx, C,Alex Len,47,20,19.4,6.7,1.8,4.2,6.0,0.9,0.47,0.91,1.4,2.5,0.6,13.0
123,phx, SG,Jordan McRae,3,0,13.3,6.0,0.3,0.7,1.0,1.7,0.33,0.00,1.7,0.7,1.0,11.3
124,phx, C,Tyson Chandler,41,35,23.3,5.5,2.6,5.7,8.3,1.0,0.51,0.63,1.2,2.0,0.8,13.0
125,phx, PG,Ronnie Price,34,1,14.8,4.2,0.3,0.8,1.1,1.7,1.06,0.15,0.8,2.3,2.3,10.9
126,phx, SG,Sonny Weems,28,0,11.5,2.9,0.2,1.0,1.2,1.3,0.29,0.00,1.1,1.1,1.1,5.8
127,phx, PF,Cory Jefferson,8,0,6.3,2.8,0.8,1.3,2.0,0.0,0.00,0.13,0.0,1.0,0.0,13.2
128,phx, PG,Lorenzo Brown,8,0,7.6,2.5,0.0,0.9,0.9,1.4,0.38,0.13,1.1,0.5,1.2,4.8
129,sac, C,DeMarcus Cousins,39,39,34.1,27.0,2.4,8.9,11.3,2.8,1.33,1.38,3.7,3.8,0.8,23.7
130,sac, SF,Rudy Gay,42,42,34.3,18.4,1.6,5.4,7.0,1.8,1.24,0.71,1.8,2.5,1.0,17.2
131,sac, PG,Darren Collison,43,4,28.3,12.7,0.4,1.8,2.2,4.0,0.93,0.02,1.8,1.9,2.2,14.3
132,sac, SF,Omri Casspi,43,19,29.7,12.4,0.8,5.7,6.5,1.4,0.74,0.26,1.6,2.6,0.9,13.6
133,sac, PG,Rajon Rondo,46,46,35.1,12.0,1.2,5.2,6.4,11.7,1.74,0.17,4.0,2.3,3.0,17.3
134,sac, SG,Marco Belinelli,47,2,25.5,10.8,0.1,1.7,1.9,2.1,0.51,0.04,1.3,1.5,1.6,10.1
135,sac, SG,Ben McLemore,47,41,21.3,7.9,0.5,1.6,2.1,1.1,0.83,0.15,1.5,2.0,0.8,9.7
136,sac, C,Kosta Koufos,47,9,20.0,6.9,2.3,3.5,5.8,0.3,0.53,0.91,0.7,2.7,0.4,14.3
137,sac, C,Willie Cauley-Stein,34,24,20.0,5.7,2.1,3.6,5.7,0.4,0.65,1.21,0.6,2.4,0.6,15.3
138,sac, SF,Quincy Acy,26,7,11.7,3.8,1.3,1.7,3.0,0.4,0.38,0.31,0.3,1.4,1.3,15.6
139,sac, SG,Seth Curry,23,0,10.6,3.7,0.1,0.7,0.8,0.8,0.35,0.00,0.5,0.6,1.5,11.1
140,sac, SF,Caron Butler,9,1,9.6,2.7,0.3,0.9,1.2,0.3,0.56,0.00,0.2,0.8,1.5,8.6
141,sac, SG,James Anderson,27,6,10.4,2.1,0.3,0.9,1.2,0.5,0.22,0.11,0.5,0.8,1.0,3.7
142,chi, SG,Jimmy Butler,47,47,38.3,22.4,1.1,4.1,5.3,4.3,1.68,0.66,2.0,1.9,2.1,21.8
143,chi, C,Pau Gasol,45,45,31.8,16.7,2.3,8.6,10.9,3.2,0.56,2.04,2.0,2.1,1.6,22.0
144,chi, PG,Derrick Rose,41,41,32.1,15.4,0.5,2.8,3.3,4.5,0.59,0.29,2.6,1.5,1.7,11.9
145,chi, PF,Nikola Mirotic,44,31,24.0,10.6,1.0,4.9,5.9,1.4,0.86,0.66,1.5,2.0,0.9,14.7
146,chi, SF,Doug McDermott,46,4,21.7,7.7,0.5,1.8,2.3,0.7,0.15,0.09,0.8,1.5,0.9,8.8
147,chi, PF,Taj Gibson,47,29,26.2,7.7,3.0,4.3,7.3,1.3,0.53,1.06,1.1,2.4,1.2,14.8
148,chi, PG,Aaron Brooks,37,0,16.2,7.5,0.4,1.4,1.8,2.4,0.35,0.16,1.0,2.1,2.5,13.4
149,chi, PF,Bobby Portis,27,0,14.8,6.5,1.5,2.9,4.4,0.5,0.44,0.37,1.0,1.4,0.5,14.4
150,chi, SF,Tony Snell,45,27,21.0,5.6,0.2,3.0,3.3,0.9,0.29,0.29,0.9,1.5,1.0,6.6
151,chi, SG,E'Twaun Moore,35,3,16.5,5.1,0.2,1.4,1.6,0.9,0.51,0.23,0.6,1.3,1.5,9.9
152,chi, C,Joakim Noah,29,2,21.9,4.3,3.0,5.8,8.8,3.8,0.62,1.00,1.8,2.7,2.1,14.3
153,chi, SG,Kirk Hinrich,30,6,15.6,3.9,0.2,1.3,1.5,1.5,0.40,0.03,0.7,1.8,2.0,7.8
154,chi, PF,Cameron Bairstow,11,0,3.8,0.9,0.4,1.1,1.5,0.1,0.09,0.09,0.2,0.7,0.5,3.3
155,cle, SF,LeBron James,46,46,35.8,24.9,1.2,6.0,7.2,6.4,1.37,0.70,3.1,2.0,2.1,26.9
156,cle, PG,Kyrie Irving,21,21,28.2,16.8,1.0,2.1,3.1,4.0,0.90,0.19,2.0,1.3,2.0,18.8
157,cle, PF,Kevin Love,47,47,32.6,16.1,2.3,8.3,10.6,2.4,0.94,0.57,1.9,2.1,1.2,19.6
158,cle, SG,J.R. Smith,43,43,30.2,12.4,0.6,2.2,2.8,1.6,1.12,0.35,0.8,2.8,1.9,12.6
159,cle, PG,Mo Williams,29,14,21.7,9.9,0.1,2.1,2.2,3.1,0.38,0.17,1.7,1.7,1.8,13.8
160,cle, PG,Matthew Dellavedova,46,11,26.3,8.2,0.6,1.9,2.5,4.8,0.74,0.11,1.5,2.3,3.1,13.2
161,cle, C,Tristan Thompson,47,17,27.9,8.0,3.3,6.1,9.4,0.7,0.30,0.40,0.8,2.4,0.9,15.6
162,cle, SG,Iman Shumpert,25,0,24.0,6.5,0.4,2.4,2.9,1.5,0.92,0.36,1.0,2.0,1.5,9.1
163,cle, C,Timofey Mozgov,44,30,17.5,6.4,1.4,2.8,4.2,0.4,0.32,0.70,1.0,2.2,0.4,14.2
164,cle, SF,Richard Jefferson,43,3,19.0,5.6,0.2,1.2,1.4,0.9,0.47,0.28,0.6,1.9,1.5,8.9
165,cle, SG,James Jones,35,0,9.6,3.3,0.2,0.9,1.1,0.4,0.23,0.17,0.3,1.3,1.3,9.5
166,cle, SG,Jared Cunningham,37,3,9.5,2.8,0.1,0.7,0.8,0.5,0.30,0.05,0.4,1.0,1.2,6.5
167,cle, PF,Anderson Varejao,27,0,9.2,2.4,0.7,2.0,2.7,0.6,0.30,0.11,0.5,1.0,1.3,11.6
168,cle, C,Sasha Kaun,9,0,4.3,0.9,0.9,0.2,1.1,0.2,0.22,0.22,0.7,0.7,0.3,10.8
169,det, PG,Reggie Jackson,49,49,30.9,19.1,0.8,2.7,3.6,6.3,0.82,0.06,2.7,2.1,2.4,20.7
170,det, C,Andre Drummond,49,49,33.7,17.3,5.2,9.8,15.1,0.8,1.67,1.47,2.1,3.1,0.4,22.5
171,det, SG,Kentavious Caldwell-Pope,49,49,37.4,14.9,0.9,3.0,3.8,1.8,1.51,0.31,1.4,2.3,1.3,12.8
172,det, PF,Marcus Morris,48,48,36.1,13.6,1.3,3.9,5.2,2.2,0.88,0.29,1.7,2.1,1.3,12.0
173,det, PF,Ersan Ilyasova,48,48,27.7,11.3,2.0,3.6,5.6,1.1,0.77,0.56,1.1,2.4,1.1,14.8
174,det, SF,Stanley Johnson,49,1,22.7,8.7,0.8,3.1,3.9,1.4,0.73,0.14,1.4,2.4,1.0,10.0
175,det, PG,Brandon Jennings,18,0,17.6,6.7,0.3,1.8,2.1,3.3,0.50,0.06,0.9,1.0,3.8,14.6
176,det, C,Aron Baynes,48,0,14.2,5.6,1.6,2.9,4.5,0.8,0.29,0.54,0.9,1.9,0.9,17.0
177,det, PF,Anthony Tolliver,48,1,19.6,5.3,0.6,2.8,3.4,0.9,0.38,0.25,0.3,1.2,2.7,10.5
178,det, PG,Spencer Dinwiddie,9,0,12.3,4.4,0.0,1.0,1.0,1.4,0.22,0.00,0.6,1.8,2.6,8.3
179,det, PG,Steve Blake,29,0,15.5,4.3,0.2,1.3,1.6,3.0,0.48,0.10,1.4,1.0,2.1,10.4
180,det, SF,Darrun Hilliard,17,0,6.1,2.5,0.2,0.6,0.8,0.3,0.12,0.00,0.4,0.5,0.8,8.7
181,det, SG,Jodie Meeks,2,0,8.5,1.0,0.5,0.5,1.0,0.0,0.00,0.00,0.5,1.0,0.0,-6.5
182,det, C,Joel Anthony,13,0,4.0,0.7,0.5,0.6,1.2,0.1,0.15,0.31,0.1,0.6,1.0,14.8
183,ind, SF,Paul George,48,48,35.6,23.2,0.9,6.1,7.1,3.9,1.90,0.29,3.7,3.0,1.1,20.1
184,ind, SG,Monta Ellis,48,48,33.7,14.3,0.5,2.5,2.9,5.0,1.81,0.52,2.8,2.1,1.8,14.2
185,ind, PG,George Hill,41,40,35.5,13.0,0.8,3.2,4.0,3.2,1.34,0.22,1.5,2.1,2.1,13.6
186,ind, SF,C.J. Miles,43,24,25.6,11.9,0.5,2.7,3.2,1.1,1.02,0.47,1.2,2.4,0.9,13.0
187,ind, PG,Rodney Stuckey,33,0,25.0,9.8,0.5,3.0,3.4,2.6,0.76,0.18,1.5,1.4,1.8,12.4
188,ind, C,Jordan Hill,44,8,22.1,9.6,2.5,4.4,6.9,1.3,0.59,0.52,1.4,2.4,0.9,17.6
189,ind, PF,Myles Turner,26,3,18.8,9.5,1.1,3.5,4.5,0.4,0.27,1.46,0.7,2.3,0.6,19.2
190,ind, C,Ian Mahinmi,41,41,24.1,8.5,2.1,5.0,7.1,1.3,0.93,1.02,1.2,3.1,1.1,17.5
191,ind, PF,Lavoy Allen,47,21,21.7,5.4,2.1,3.4,5.6,1.0,0.43,0.57,1.0,1.8,1.0,11.5
192,ind, SF,Chase Budinger,40,2,15.7,4.5,0.6,1.9,2.5,1.1,0.55,0.18,0.6,0.9,1.7,10.7
193,ind, PG,Joe Young,23,0,8.4,4.0,0.2,1.0,1.1,1.5,0.43,0.00,0.7,0.6,2.1,15.0
194,ind, SG,Glenn Robinson III,33,4,11.6,3.8,0.2,1.3,1.5,0.5,0.42,0.15,0.4,0.4,1.4,11.6
195,ind, SF,Solomon Hill,26,1,10.7,3.1,0.6,1.6,2.2,0.7,0.46,0.31,0.3,0.9,2.1,12.7
196,mil, SG,Khris Middleton,51,51,36.0,17.6,0.5,3.2,3.7,3.9,1.24,0.18,1.9,2.6,2.0,16.0
197,mil, C,Greg Monroe,49,49,30.4,16.6,3.0,6.6,9.7,2.3,0.92,0.86,1.7,2.2,1.4,23.2
198,mil, SF,Giannis Antetokounmpo,49,48,34.6,15.9,1.4,5.7,7.1,2.8,1.04,1.12,2.5,3.5,1.1,16.7
199,mil, PG,Michael Carter-Williams,46,36,30.7,11.5,0.9,4.1,5.0,5.6,1.54,0.67,2.8,2.9,2.0,14.7
200,mil, PF,Jabari Parker,45,41,28.5,11.4,1.6,3.1,4.6,1.4,0.80,0.44,1.1,1.8,1.3,14.4
201,mil, PG,Jerryd Bayless,33,7,28.2,10.4,0.4,2.3,2.7,3.5,0.97,0.21,1.8,2.2,2.0,12.7
202,mil, SG,O.J. Mayo,29,12,27.1,9.1,0.3,2.3,2.6,3.1,1.17,0.14,1.6,2.8,2.0,9.3
203,mil, PG,Greivis Vasquez,16,0,22.6,7.1,0.3,2.1,2.3,4.4,0.44,0.00,1.9,2.1,2.4,9.2
204,mil, PF,John Henson,42,1,16.7,6.8,1.5,2.5,3.9,1.0,0.26,1.98,1.1,2.4,0.9,18.9
205,mil, PF,Johnny O'Bryant III,46,3,14.3,3.3,1.1,1.8,2.9,0.6,0.33,0.15,0.6,1.8,1.1,7.9
206,mil, C,Miles Plumlee,30,1,8.8,2.8,1.0,1.3,2.3,0.2,0.23,0.63,0.4,0.9,0.4,16.6
207,mil, PG,Tyler Ennis,23,5,8.7,2.7,0.1,0.9,1.0,1.0,0.17,0.04,0.6,1.0,1.6,7.2
208,mil, SG,Rashad Vaughn,43,0,11.7,2.6,0.2,1.0,1.2,0.4,0.33,0.16,0.4,0.9,0.9,4.8
209,mil, SF,Chris Copeland,24,1,6.5,2.1,0.0,0.4,0.4,0.5,0.08,0.00,0.3,0.7,1.8,5.6
210,dal, PF,Dirk Nowitzki,45,45,30.7,17.5,0.7,5.9,6.6,1.7,0.67,0.67,1.0,1.8,1.7,19.7
211,dal, PG,Deron Williams,43,41,31.9,13.9,0.3,2.7,3.0,5.3,0.98,0.23,2.4,2.3,2.2,14.4
212,dal, SG,Wesley Matthews,47,47,33.1,12.4,0.4,2.6,3.0,1.9,1.02,0.26,1.0,2.2,1.8,11.0
213,dal, SF,Chandler Parsons,43,33,27.7,12.1,0.4,4.0,4.4,2.4,0.56,0.33,1.4,1.8,1.7,14.9
214,dal, C,Zaza Pachulia,46,46,29.4,10.3,3.7,7.2,10.9,1.9,0.98,0.35,1.9,2.7,1.0,17.6
215,dal, PG,J.J. Barea,45,8,22.0,9.8,0.4,1.6,2.0,3.9,0.38,0.04,1.6,1.6,2.4,13.8
216,dal, PG,Raymond Felton,50,22,27.0,9.4,0.4,2.8,3.2,3.4,0.84,0.14,1.5,1.6,2.3,12.3
217,dal, PG,Devin Harris,40,0,19.6,7.4,0.3,1.8,2.1,2.1,0.95,0.20,1.0,2.0,2.2,14.1
218,dal, PF,Dwight Powell,49,0,16.6,6.6,1.3,3.3,4.7,0.7,0.53,0.43,0.7,2.0,1.0,16.6
219,dal, PF,Charlie Villanueva,42,4,12.0,5.5,0.4,2.3,2.7,0.4,0.31,0.26,0.5,1.3,0.8,11.0
220,dal, C,JaVale McGee,29,2,11.4,5.4,1.6,2.6,4.1,0.1,0.17,0.90,0.7,1.6,0.1,21.1
221,dal, C,Salah Mejri,12,3,11.0,4.2,1.2,1.8,3.0,0.2,0.08,0.67,0.7,1.3,0.3,18.1
222,dal, SG,John Jenkins,21,1,9.2,3.3,0.2,0.9,1.0,0.4,0.14,0.00,0.5,0.5,0.8,7.5
223,dal, SF,Jeremy Evans,28,2,8.6,2.4,0.4,1.5,1.9,0.1,0.21,0.32,0.3,0.7,0.3,12.4
224,hou, SG,James Harden,51,51,37.3,27.9,0.8,5.5,6.2,7.1,1.51,0.67,4.4,2.7,1.6,25.4
225,hou, C,Dwight Howard,40,40,31.9,14.4,3.5,8.2,11.8,1.5,0.98,1.55,2.4,3.1,0.6,20.5
226,hou, SF,Trevor Ariza,50,50,34.5,12.2,0.7,3.9,4.6,2.0,1.84,0.28,1.4,2.1,1.4,12.4
227,hou, C,Josh Smith,7,1,21.6,10.3,1.1,2.9,4.0,2.4,1.00,1.14,2.0,3.4,1.2,11.9
228,hou, SF,Marcus Thornton,43,6,19.1,10.3,0.7,1.9,2.6,1.4,0.74,0.05,0.8,1.5,1.8,15.8
229,hou, PF,Terrence Jones,45,11,22.3,9.3,1.3,3.2,4.5,0.9,0.49,0.82,1.0,1.8,0.9,14.0
230,hou, PG,Patrick Beverley,40,32,26.4,9.2,0.8,2.2,3.0,2.6,1.20,0.33,1.2,3.1,2.2,12.6
231,hou, PF,Clint Capela,49,35,21.3,7.5,2.6,4.3,6.9,0.7,0.88,1.22,1.0,2.7,0.7,17.3
232,hou, SG,Corey Brewer,51,8,21.0,7.2,0.5,2.1,2.5,1.5,1.10,0.22,1.1,2.2,1.4,9.7
233,hou, PG,Ty Lawson,44,12,24.1,6.5,0.5,1.4,1.9,3.8,0.86,0.14,1.6,1.5,2.3,10.0
234,hou, SG,Jason Terry,42,7,17.1,6.0,0.1,0.9,1.0,1.4,0.69,0.14,0.7,1.4,1.9,11.3
235,hou, PF,Donatas Motiejunas,14,1,13.4,5.6,0.5,1.6,2.1,1.0,0.43,0.14,1.8,1.8,0.6,9.3
236,hou, PF,Montrezl Harrell,25,1,10.3,3.5,0.6,1.1,1.7,0.4,0.24,0.24,0.4,1.5,0.8,12.7
237,hou, PF,Chuck Hayes,2,0,12.0,2.0,0.0,4.0,4.0,1.0,0.00,0.00,1.5,3.0,0.7,1.7
238,hou, SG,K.J. McDaniels,16,0,3.9,1.5,0.3,0.6,0.8,0.1,0.19,0.25,0.3,0.8,0.3,7.7
239,mem, C,Marc Gasol,49,49,34.9,16.7,1.2,5.9,7.1,3.9,1.00,1.39,2.3,2.8,1.7,17.9
240,mem, PG,Mike Conley,43,43,31.4,14.6,0.5,2.5,3.0,6.1,1.26,0.33,1.4,1.8,4.2,18.9
241,mem, PF,Zach Randolph,44,29,28.6,13.8,2.9,5.2,8.0,1.4,0.59,0.18,1.5,2.0,1.0,17.9
242,mem, SF,Jeff Green,49,31,28.8,12.1,1.0,3.5,4.5,1.8,0.76,0.33,1.4,2.0,1.3,13.5
243,mem, PG,Mario Chalmers,40,5,22.5,10.5,0.4,2.2,2.5,4.0,1.33,0.15,2.0,3.0,2.0,17.7
244,mem, SG,Courtney Lee,47,33,29.5,10.3,0.4,2.0,2.4,1.4,1.04,0.32,0.9,1.5,1.5,12.2
245,mem, SF,Matt Barnes,45,18,26.4,8.8,1.1,4.0,5.0,1.7,1.16,0.76,1.2,3.1,1.4,12.7
246,mem, SG,Tony Allen,42,35,24.8,6.8,1.6,3.1,4.8,1.0,1.64,0.26,1.0,3.0,1.0,10.8
247,mem, PF,Brandan Wright,7,0,17.1,6.6,0.9,2.6,3.4,0.6,0.14,1.43,0.6,1.3,1.0,17.6
248,mem, PG,Beno Udrih,8,0,15.0,5.9,0.3,0.9,1.1,3.3,0.38,0.13,1.4,1.4,2.4,12.8
249,mem, PF,JaMychal Green,47,2,14.5,5.4,1.2,2.7,3.9,0.4,0.30,0.30,1.0,2.1,0.4,12.5
250,mem, SG,Vince Carter,31,0,12.9,4.0,0.3,1.4,1.6,0.7,0.39,0.29,0.4,1.5,1.6,8.8
251,mem, SG,Jordan Adams,2,0,7.5,3.5,0.0,1.0,1.0,1.5,1.50,0.00,1.0,1.0,1.5,17.5
252,mem, C,Ryan Hollins,10,0,10.0,2.8,1.0,1.3,2.3,0.4,0.20,0.80,0.4,2.0,1.0,14.5
253,mem, SF,James Ennis,7,0,4.0,1.9,0.3,0.4,0.7,0.3,0.43,0.29,0.3,0.1,1.0,23.4
254,mem, SG,Elliot Williams,5,0,9.0,1.6,0.2,0.6,0.8,0.8,0.00,0.00,0.2,0.4,4.0,3.3
255,mem, PG,Russ Smith,15,0,4.4,1.5,0.1,0.5,0.6,0.7,0.33,0.07,0.5,0.3,1.6,10.6
256,mem, PF,Jarell Martin,2,0,4.5,1.0,0.0,0.0,0.0,0.0,0.00,0.00,0.0,1.0,0.0,-12.9
257,no, PF,Anthony Davis,41,41,35.5,22.9,2.1,8.1,10.3,1.8,1.24,2.37,2.1,2.4,0.9,24.6
258,no, PF,Ryan Anderson,45,6,31.5,17.4,2.0,4.0,6.0,1.1,0.62,0.42,1.6,1.6,0.7,17.9
259,no, SG,Tyreke Evans,25,25,30.6,15.2,0.8,4.4,5.2,6.6,1.28,0.32,2.9,2.6,2.2,18.5
260,no, SG,Eric Gordon,41,40,33.4,14.9,0.2,1.9,2.1,2.7,0.95,0.29,1.6,2.2,1.7,13.2
261,no, PG,Jrue Holiday,41,14,25.5,14.3,0.4,2.3,2.7,5.3,1.05,0.37,2.1,2.3,2.5,19.1
262,no, PG,Norris Cole,30,8,25.7,9.5,0.2,3.1,3.4,2.9,0.73,0.13,1.5,2.2,1.9,9.1
263,no, PG,Ish Smith,27,3,22.9,8.9,0.5,2.9,3.4,5.7,0.89,0.22,1.7,1.4,3.4,16.8
264,no, PG,Toney Douglas,26,0,14.7,6.3,0.3,0.9,1.2,1.9,1.04,0.04,0.7,1.8,2.6,16.7
265,no, SG,Bryce Dejean-Jones,6,3,17.0,5.7,1.0,2.3,3.3,0.7,0.83,0.17,0.3,0.8,2.0,14.3
266,no, C,Alexis Ajinca,36,6,12.1,4.7,1.1,2.9,4.1,0.5,0.28,0.50,0.6,2.2,0.9,15.8
267,no, SF,Alonzo Gee,47,31,21.8,4.2,0.8,2.6,3.3,1.0,0.91,0.17,0.7,2.3,1.5,8.9
268,no, PF,Dante Cunningham,45,13,19.1,4.2,0.6,2.4,3.1,0.5,0.47,0.42,0.3,1.8,1.7,8.5
269,no, C,Omer Asik,40,36,17.1,3.6,1.8,4.0,5.8,0.4,0.25,0.53,1.0,2.0,0.4,10.6
270,no, SF,Luke Babbitt,22,5,13.7,3.5,0.2,2.2,2.4,0.5,0.05,0.14,0.2,1.7,2.0,6.7
271,no, C,Kendrick Perkins,10,3,8.9,2.7,0.6,1.3,1.9,0.5,0.00,0.20,0.8,1.0,0.6,11.7
272,no, PG,Jimmer Fredette,4,0,3.3,0.5,0.0,0.0,0.0,0.3,0.25,0.00,0.3,0.3,1.0,-1.5
273,sa, SF,Kawhi Leonard,46,46,32.4,19.8,1.2,5.4,6.6,2.5,1.83,0.91,1.4,1.8,1.8,25.5
274,sa, PF,LaMarcus Aldridge,44,44,29.4,16.1,2.5,6.0,8.5,1.3,0.30,0.98,1.4,2.2,1.0,20.0
275,sa, PG,Tony Parker,44,44,26.7,12.4,0.3,2.3,2.6,5.1,0.86,0.16,1.7,1.6,3.1,18.6
276,sa, SG,Manu Ginobili,42,0,19.6,10.1,0.5,2.4,3.0,3.3,1.12,0.19,1.6,1.6,2.0,19.8
277,sa, C,Tim Duncan,37,37,25.9,8.9,1.7,5.8,7.5,3.0,0.89,1.32,1.7,2.4,1.7,17.4
278,sa, PG,Patty Mills,48,2,20.1,8.0,0.2,1.6,1.8,2.5,0.83,0.06,0.9,1.1,2.7,14.3
279,sa, SG,Danny Green,48,48,25.1,7.0,0.6,3.1,3.7,1.8,0.79,0.71,1.1,1.5,1.7,10.2
280,sa, C,Boris Diaw,48,1,19.0,6.9,0.9,2.4,3.3,2.5,0.42,0.25,1.3,1.4,2.0,15.3
281,sa, PF,David West,47,11,16.8,6.7,0.8,3.2,4.0,1.7,0.53,0.55,0.9,1.8,1.9,17.8
282,sa, SG,Jonathon Simmons,34,0,13.9,6.1,0.2,1.4,1.6,1.2,0.41,0.09,1.0,2.0,1.1,13.2
283,sa, C,Boban Marjanovic,30,1,8.4,5.8,1.3,2.2,3.5,0.3,0.27,0.47,0.6,1.1,0.6,31.7
284,sa, SF,Kyle Anderson,45,3,12.7,4.0,0.3,2.0,2.3,1.2,0.42,0.38,0.6,1.0,2.2,14.0
285,sa, PG,Ray McCallum,21,2,9.9,2.7,0.2,0.9,1.1,1.3,0.19,0.19,0.5,0.6,2.8,11.1
286,sa, SF,Rasual Butler,32,0,9.1,2.6,0.0,1.3,1.3,0.6,0.22,0.53,0.2,0.2,3.8,13.7
287,atl, PF,Paul Millsap,49,49,32.4,17.8,2.5,6.3,8.8,3.3,1.82,1.33,2.3,2.9,1.4,22.9
288,atl, C,Al Horford,50,50,31.5,15.1,2.0,4.9,7.0,3.0,0.84,1.46,1.4,2.0,2.2,19.7
289,atl, PG,Jeff Teague,47,46,28.4,14.9,0.4,2.1,2.6,5.5,1.30,0.32,2.7,2.2,2.0,17.2
290,atl, SF,Kent Bazemore,45,38,28.3,12.5,0.2,4.6,4.8,2.3,1.24,0.42,1.9,2.3,1.2,14.3
291,atl, PG,Dennis Schroder,48,6,21.1,10.8,0.4,2.4,2.8,4.6,1.00,0.10,2.1,1.6,2.2,16.4
292,atl, SG,Kyle Korver,48,48,30.2,9.3,0.1,3.3,3.5,2.2,0.81,0.46,1.4,2.0,1.6,9.9
293,atl, SF,Thabo Sefolosha,44,10,24.1,6.9,0.7,3.8,4.5,1.5,1.30,0.50,0.9,1.5,1.6,13.3
294,atl, PF,Mike Scott,44,0,14.3,6.6,0.5,1.7,2.2,0.9,0.27,0.23,0.5,1.3,1.7,15.6
295,atl, C,Tiago Splitter,36,2,16.1,5.6,1.3,2.1,3.3,0.8,0.56,0.33,0.7,2.0,1.3,14.1
296,atl, SG,Tim Hardaway Jr.,19,0,14.8,4.2,0.2,1.2,1.4,1.0,0.37,0.11,0.4,0.8,2.7,8.4
297,atl, PG,Shelvin Mack,22,0,7.6,3.8,0.1,0.8,0.9,1.6,0.32,0.00,0.6,0.3,2.5,15.0
298,atl, PF,Mike Muscala,35,0,10.6,3.4,0.5,1.5,2.1,0.5,0.23,0.49,0.6,1.3,1.0,11.4
299,atl, SG,Justin Holiday,25,1,10.4,2.4,0.1,0.9,1.0,0.4,0.52,0.16,0.5,0.8,0.8,4.6
300,atl, SG,Lamar Patterson,33,0,11.6,2.4,0.1,1.4,1.5,1.1,0.21,0.06,0.6,1.4,1.8,5.0
301,cha, PG,Kemba Walker,48,48,35.7,20.2,0.8,3.5,4.3,5.0,1.79,0.60,2.2,1.4,2.2,20.5
302,cha, SF,Michael Kidd-Gilchrist,2,2,31.0,16.0,2.5,7.0,9.5,2.0,0.50,0.00,1.5,1.0,1.3,24.6
303,cha, SG,Nicolas Batum,39,39,34.8,14.6,0.9,5.4,6.3,5.4,0.90,0.49,3.1,1.8,1.7,14.7
304,cha, C,Al Jefferson,19,17,25.2,12.5,1.2,4.9,6.1,1.6,0.74,1.05,0.7,2.4,2.1,17.7
305,cha, PG,Jeremy Lin,45,10,27.3,12.3,0.6,2.7,3.3,3.2,0.67,0.60,1.9,2.4,1.7,14.4
306,cha, SG,Jeremy Lamb,38,0,21.7,10.9,0.8,3.7,4.5,1.3,0.63,0.45,0.9,1.6,1.5,17.5
307,cha, PF,Marvin Williams,48,48,29.4,10.1,1.6,5.1,6.8,1.4,0.60,1.06,0.8,1.6,1.8,15.0
308,cha, C,Cody Zeller,40,27,24.8,9.0,1.8,4.1,5.9,0.9,0.88,0.70,0.9,3.0,0.9,15.2
309,cha, C,Frank Kaminsky III,47,0,21.4,7.7,0.8,3.1,3.9,1.4,0.45,0.57,0.8,1.5,1.8,12.4
310,cha, SF,P.J. Hairston,45,43,20.2,6.3,0.4,2.4,2.8,0.6,0.53,0.16,0.5,2.3,1.3,7.9
311,cha, PF,Spencer Hawes,42,6,18.7,6.0,0.8,3.5,4.3,2.0,0.43,0.31,1.0,2.0,2.1,12.0
312,cha, SG,Troy Daniels,26,0,11.0,5.6,0.2,1.2,1.4,0.3,0.23,0.04,0.7,1.0,0.5,13.7
313,cha, PG,Brian Roberts,28,0,11.3,4.8,0.1,0.9,1.0,1.2,0.25,0.04,0.6,0.7,2.1,13.3
314,cha, PF,Tyler Hansbrough,28,0,9.6,2.6,1.3,1.4,2.6,0.3,0.39,0.25,0.4,1.5,0.6,11.9
315,mia, PF,Chris Bosh,49,49,33.6,19.1,0.9,6.6,7.6,2.5,0.71,0.69,1.4,1.8,1.8,21.6
316,mia, SG,Dwyane Wade,46,45,30.2,18.7,1.2,2.8,4.1,4.7,1.02,0.57,2.7,1.4,1.8,21.2
317,mia, C,Hassan Whiteside,41,40,28.9,12.3,3.1,8.1,11.2,0.3,0.56,3.85,2.1,2.4,0.2,23.4
318,mia, PG,Goran Dragic,40,40,32.3,12.2,0.6,2.6,3.2,5.1,0.98,0.23,2.5,2.5,2.1,13.6
319,mia, SF,Gerald Green,43,9,25.8,10.5,0.4,2.2,2.6,1.0,0.58,0.37,0.9,2.1,1.2,11.0
320,mia, SF,Luol Deng,42,41,31.2,10.4,1.0,3.8,4.7,1.6,0.93,0.36,1.0,1.6,1.6,12.6
321,mia, SG,Tyler Johnson,36,5,24.0,8.7,0.8,2.3,3.0,2.2,0.67,0.39,1.3,1.8,1.7,14.2
322,mia, SF,Justise Winslow,46,3,27.7,5.9,0.8,4.1,4.9,1.4,0.74,0.37,1.4,2.3,1.0,7.5
323,mia, PF,Amar'e Stoudemire,21,6,14.0,5.6,1.5,2.7,4.1,0.6,0.43,0.52,1.0,1.2,0.6,18.1
324,mia, PG,Mario Chalmers,6,0,20.0,5.5,0.2,2.2,2.3,3.2,1.33,0.17,1.5,2.7,2.1,9.8
325,mia, PG,Beno Udrih,29,5,16.8,4.0,0.1,1.7,1.8,2.6,0.38,0.00,1.1,1.2,2.4,8.9
326,mia, PF,Josh McRoberts,23,0,15.1,3.2,0.7,2.0,2.7,1.7,0.48,0.17,0.9,1.7,1.9,8.9
327,mia, SG,Josh Richardson,23,1,11.5,1.9,0.2,1.0,1.1,0.8,0.35,0.22,0.5,1.5,1.6,2.9
328,mia, PF,Chris Andersen,7,1,5.1,1.9,0.4,0.9,1.3,0.4,0.14,0.43,0.3,0.6,1.5,18.1
329,mia, PF,Udonis Haslem,25,0,8.0,1.6,0.3,1.9,2.2,0.5,0.16,0.08,0.2,0.7,2.6,8.6
330,mia, PF,Jarnell Stokes,4,0,2.8,1.5,0.0,0.5,0.5,0.3,0.00,0.00,0.0,0.0,0.0,22.6
331,orl, C,Nikola Vucevic,44,43,31.5,16.7,2.9,6.0,8.9,2.9,0.77,1.14,1.7,2.5,1.7,20.9
332,orl, SG,Victor Oladipo,43,23,30.5,13.7,0.5,4.1,4.7,4.0,1.35,0.56,2.2,2.3,1.8,15.1
333,orl, SG,Evan Fournier,47,41,31.1,13.7,0.4,2.4,2.8,2.6,1.30,0.04,1.6,2.5,1.7,14.2
334,orl, SF,Tobias Harris,47,47,32.9,13.6,1.4,5.5,7.0,2.0,1.00,0.60,1.6,1.9,1.2,15.7
335,orl, PG,Elfrid Payton,43,42,29.3,11.0,1.0,2.5,3.6,5.7,1.30,0.23,2.4,2.2,2.3,13.8
336,orl, PF,Aaron Gordon,46,6,21.0,7.8,1.8,3.9,5.7,1.3,0.54,0.67,0.9,1.8,1.5,17.3
337,orl, PF,Andrew Nicholson,34,0,15.6,6.4,0.7,3.0,3.7,0.3,0.18,0.32,0.8,1.3,0.4,12.3
338,orl, PF,Jason Smith,42,0,14.7,5.9,0.6,1.8,2.4,0.7,0.33,0.67,0.7,2.0,1.0,13.1
339,orl, PF,Channing Frye,41,29,17.5,5.4,0.5,2.7,3.2,1.0,0.51,0.46,0.7,1.6,1.4,12.6
340,orl, SG,Mario Hezonja,44,0,14.6,4.8,0.4,1.3,1.7,1.0,0.25,0.16,1.1,1.3,0.9,8.6
341,orl, PG,C.J. Watson,8,0,19.5,4.8,0.5,1.5,2.0,3.1,1.00,0.00,0.8,1.3,4.2,11.7
342,orl, PG,Shabazz Napier,40,0,12.4,4.3,0.2,0.9,1.1,2.0,0.53,0.03,1.0,0.9,2.0,10.9
343,orl, C,Dewayne Dedmon,30,4,10.8,3.1,0.8,2.4,3.1,0.1,0.33,0.87,0.5,1.9,0.3,13.3
344,orl, PG,Keith Appling,4,0,6.3,1.5,0.0,0.3,0.3,0.3,0.25,0.00,0.8,1.0,0.3,-2.8
345,wsh, PG,John Wall,46,46,35.9,19.5,0.7,3.6,4.3,9.8,2.09,0.85,4.4,2.1,2.2,19.6
346,wsh, SG,Bradley Beal,25,17,32.2,18.1,0.8,3.2,4.0,3.0,0.96,0.24,2.5,2.4,1.2,15.4
347,wsh, C,Marcin Gortat,40,40,31.4,13.5,2.9,7.0,9.8,1.6,0.73,1.33,1.9,2.6,0.8,17.9
348,wsh, SF,Otto Porter Jr.,39,37,30.9,12.3,1.3,4.1,5.4,1.9,1.56,0.31,1.1,2.4,1.8,15.0
349,wsh, PG,Ramon Sessions,46,0,20.8,10.2,0.2,2.3,2.5,2.8,0.72,0.07,1.3,1.5,2.1,17.1
350,wsh, PG,Gary Neal,37,2,20.5,10.0,0.3,1.8,2.1,1.2,0.49,0.03,0.8,1.4,1.6,14.3
351,wsh, SF,Jared Dudley,45,28,28.9,8.9,0.7,3.0,3.8,2.0,1.02,0.11,1.0,2.4,2.0,12.0
352,wsh, C,Nene Hilario,25,7,18.8,8.6,0.8,3.4,4.3,1.5,1.04,0.48,1.3,3.0,1.2,16.3
353,wsh, SG,Garrett Temple,44,27,25.5,8.5,0.4,2.3,2.7,1.9,0.91,0.25,0.7,2.3,2.9,10.9
354,wsh, PF,Kris Humphries,27,14,17.1,6.7,1.0,3.2,4.2,0.6,0.11,0.52,0.7,1.6,0.8,12.3
355,wsh, SF,Kelly Oubre Jr.,39,9,12.6,4.1,0.5,1.9,2.3,0.3,0.38,0.15,0.5,1.7,0.6,8.6
356,wsh, PF,Drew Gooden,17,0,13.6,3.5,1.4,2.5,3.8,0.6,0.35,0.41,0.7,1.4,0.8,8.6
357,wsh, SG,Jarell Eddie,12,0,6.4,3.5,0.1,1.0,1.1,0.2,0.17,0.08,0.0,0.3,0.0,16.5
358,wsh, C,DeJuan Blair,27,0,7.8,2.3,0.7,1.3,2.0,0.4,0.30,0.07,0.6,1.9,0.7,6.2
359,den, SF,Danilo Gallinari,43,43,34.4,19.3,1.1,4.5,5.6,2.6,0.67,0.40,1.4,1.6,1.8,19.6
360,den, SF,Will Barton,49,1,28.9,15.6,0.9,5.1,6.0,2.4,0.88,0.43,1.6,1.8,1.5,18.2
361,den, PF,Kenneth Faried,42,40,26.4,12.3,3.5,5.4,8.9,1.2,0.50,1.00,1.4,2.6,0.8,20.0
362,den, SG,Gary Harris,43,43,30.3,11.2,0.6,2.1,2.7,1.7,1.16,0.26,1.4,2.0,1.2,11.9
363,den, PG,Emmanuel Mudiay,35,33,29.6,11.1,0.5,2.7,3.3,5.7,1.00,0.57,3.7,2.1,1.5,7.7
364,den, C,Nikola Jokic,47,22,19.7,9.6,2.2,3.7,5.9,1.9,0.98,0.55,1.3,2.3,1.5,22.7
365,den, C,Joffrey Lauvergne,27,15,17.6,8.0,1.5,3.7,5.3,1.1,0.26,0.26,0.9,2.0,1.3,17.5
366,den, PG,Jameer Nelson,38,15,27.1,7.9,0.5,2.5,3.0,5.0,0.66,0.13,1.7,2.6,2.9,9.9
367,den, C,JJ Hickson,19,9,16.0,7.2,1.2,3.4,4.6,0.8,0.53,0.63,0.8,1.8,1.0,16.3
368,den, PF,Darrell Arthur,46,10,20.7,7.0,1.2,2.8,4.0,1.3,0.80,0.65,0.9,2.5,1.4,12.7
369,den, C,Jusuf Nurkic,12,0,13.2,6.3,1.8,3.0,4.8,0.7,0.25,1.08,0.8,2.6,0.9,12.6
370,den, SG,Randy Foye,49,7,19.7,6.1,0.3,1.6,1.9,2.1,0.45,0.33,1.1,1.5,1.8,7.9
371,den, SG,Sean Kilpatrick,8,0,10.3,3.4,0.3,0.5,0.8,0.4,0.25,0.00,0.5,0.9,0.8,8.2
372,den, SF,Kostas Papanikolaou,26,6,11.3,2.6,0.3,1.2,1.5,0.6,0.50,0.19,0.8,0.9,0.8,6.2
373,den, SG,Mike Miller,36,1,8.3,1.3,0.2,1.1,1.2,0.9,0.28,0.08,0.4,1.1,2.4,6.7
374,min, SG,Andrew Wiggins,49,49,35.2,20.6,1.6,2.2,3.8,1.8,0.84,0.55,2.2,2.2,0.8,16.2
375,min, C,Karl-Anthony Towns,50,50,29.8,16.5,2.7,7.2,9.9,1.5,0.68,1.80,2.1,3.0,0.7,22.6
376,min, PG,Zach LaVine,50,6,23.6,12.7,0.4,2.6,3.0,3.2,0.64,0.10,1.9,2.5,1.6,15.1
377,min, SG,Kevin Martin,35,12,22.6,11.3,0.3,1.8,2.0,1.3,0.46,0.03,1.0,1.7,1.3,12.6
378,min, SF,Shabazz Muhammad,50,0,20.4,9.8,1.0,2.0,3.0,0.5,0.26,0.08,0.9,1.2,0.5,13.9
379,min, PG,Ricky Rubio,44,44,30.2,9.4,0.7,3.6,4.3,8.8,2.20,0.07,2.3,2.5,3.9,17.8
380,min, C,Gorgui Dieng,50,7,24.7,8.9,1.8,4.9,6.7,1.4,1.14,0.98,1.9,2.6,0.8,16.2
381,min, C,Nikola Pekovic,12,3,13.0,4.5,0.6,1.2,1.8,0.9,0.08,0.00,0.8,1.8,1.2,6.8
382,min, PF,Nemanja Bjelica,44,0,18.2,4.4,0.7,2.5,3.3,1.4,0.45,0.36,0.8,2.6,1.8,9.1
383,min, PG,Andre Miller,22,0,10.6,3.6,0.3,0.7,1.0,2.2,0.41,0.00,1.0,1.3,2.1,14.8
384,min, SF,Tayshaun Prince,50,39,21.4,3.3,0.4,1.6,2.0,1.0,0.52,0.18,0.4,0.9,2.6,6.6
385,min, PF,Kevin Garnett,38,38,14.6,3.2,0.4,3.6,3.9,1.6,0.74,0.26,0.4,1.8,3.9,12.6
386,min, PG,Tyus Jones,9,0,10.9,3.0,0.3,1.3,1.7,1.6,0.44,0.11,0.9,0.7,1.8,8.4
387,min, PF,Adreian Payne,31,2,9.4,2.7,0.3,1.7,2.0,0.5,0.29,0.26,0.6,1.5,0.8,7.5
388,okc, SF,Kevin Durant,43,43,36.0,27.2,0.5,7.5,8.0,4.5,0.95,1.14,3.1,1.8,1.5,28.0
389,okc, PG,Russell Westbrook,50,50,34.3,24.0,1.7,5.7,7.4,9.9,2.36,0.26,4.3,2.4,2.3,28.5
390,okc, PF,Serge Ibaka,50,50,32.6,12.9,1.9,4.9,6.8,0.9,0.38,2.14,1.6,2.6,0.6,14.7
391,okc, C,Enes Kanter,50,0,20.7,11.9,2.9,4.7,7.5,0.5,0.22,0.46,1.3,1.9,0.4,23.1
392,okc, SG,Dion Waiters,50,6,27.8,10.0,0.5,2.4,2.9,1.9,0.94,0.16,1.5,1.9,1.3,9.7
393,okc, C,Steven Adams,48,48,24.6,7.1,2.5,3.8,6.3,0.7,0.44,1.17,0.9,2.7,0.8,14.8
394,okc, SG,Anthony Morrow,44,5,14.8,5.7,0.2,1.0,1.1,0.3,0.41,0.07,0.2,1.0,1.5,11.2
395,okc, PG,Cameron Payne,33,0,11.5,5.3,0.2,1.5,1.7,1.8,0.76,0.12,0.6,1.3,3.2,17.9
396,okc, SG,Andre Roberson,45,45,21.7,4.9,1.1,2.2,3.3,0.8,0.89,0.67,0.6,1.8,1.3,10.9
397,okc, PG,D.J. Augustin,34,0,15.3,4.2,0.1,1.1,1.3,1.9,0.38,0.06,0.9,1.2,2.2,8.9
398,okc, SF,Kyle Singler,39,1,12.8,3.0,0.5,1.3,1.8,0.2,0.41,0.13,0.5,1.7,0.4,5.9
399,okc, PF,Nick Collison,41,2,12.4,2.3,1.3,1.7,3.0,0.8,0.29,0.34,0.7,1.9,1.1,8.9
400,okc, SF,Steve Novak,5,0,4.2,2.2,0.0,0.6,0.6,0.0,0.00,0.00,0.0,0.2,0.0,15.2
401,por, PG,Damian Lillard,43,43,36.0,24.0,0.7,3.7,4.4,7.2,0.93,0.30,3.3,2.3,2.2,21.7
402,por, SG,C.J. McCollum,48,48,35.0,20.9,0.6,3.0,3.5,4.3,1.15,0.23,2.3,2.4,1.9,18.1
403,por, SG,Allen Crabbe,50,8,26.1,11.2,0.3,2.4,2.7,1.2,0.82,0.14,0.9,2.6,1.3,13.0
404,por, SF,Al-Farouq Aminu,50,50,29.1,10.6,1.2,5.3,6.5,1.5,0.92,0.68,1.7,2.3,0.9,12.5
405,por, C,Mason Plumlee,50,50,25.8,9.2,2.7,5.1,7.8,2.7,0.80,1.04,1.9,3.1,1.4,17.2
406,por, PF,Meyers Leonard,43,9,23.5,9.0,0.9,4.2,5.0,1.6,0.14,0.30,1.3,3.1,1.2,11.4
407,por, SG,Gerald Henderson,41,0,16.9,7.1,0.4,2.3,2.6,1.0,0.29,0.24,0.8,0.8,1.2,11.8
408,por, C,Ed Davis,49,0,21.3,6.8,2.9,4.3,7.1,1.1,0.59,0.69,0.7,2.5,1.6,18.8
409,por, SF,Maurice Harkless,48,0,16.6,4.8,1.0,2.0,3.0,0.8,0.50,0.33,0.9,1.1,1.0,11.0
410,por, PF,Noah Vonleh,50,39,16.0,3.6,1.3,2.8,4.1,0.5,0.46,0.30,0.6,2.0,0.9,9.6
411,por, C,Chris Kaman,8,2,8.0,2.5,0.4,0.8,1.1,0.6,0.00,0.00,0.6,0.8,1.0,2.1
412,por, SG,Luis Montero,7,0,3.3,1.9,0.0,0.3,0.3,0.1,0.00,0.00,0.3,0.1,0.5,8.4
413,por, PG,Tim Frazier,32,1,7.9,1.5,0.3,0.8,1.2,1.3,0.31,0.03,0.8,0.9,1.6,5.4
414,por, PF,Cliff Alexander,7,0,4.4,1.4,0.3,0.6,0.9,0.0,0.14,0.29,0.1,0.0,0.0,14.5
415,utah, SF,Gordon Hayward,47,47,35.7,19.9,0.9,4.3,5.2,3.7,1.17,0.30,2.6,2.2,1.4,19.4
416,utah, PF,Derrick Favors,30,28,32.0,16.6,2.9,5.4,8.3,1.5,1.30,1.17,1.4,2.5,1.0,22.9
417,utah, SG,Rodney Hood,45,45,30.8,14.3,0.4,2.8,3.2,2.7,0.87,0.22,1.6,3.0,1.6,14.8
418,utah, SG,Alec Burks,28,3,27.1,14.3,0.6,3.0,3.6,2.1,0.57,0.14,1.8,2.5,1.2,14.8
419,utah, PG,Trey Burke,47,0,24.2,12.3,0.4,1.6,2.0,2.6,0.64,0.11,1.3,1.3,2.0,15.6
420,utah, C,Rudy Gobert,27,26,33.0,9.8,3.2,7.3,10.6,1.7,0.81,2.48,1.9,3.1,0.9,18.4
421,utah, PG,Raul Neto,46,45,19.4,5.8,0.3,1.2,1.5,2.4,0.85,0.04,1.4,1.6,1.7,10.1
422,utah, PF,Trevor Booker,45,2,22.7,5.7,2.6,4.0,6.5,1.0,0.96,0.56,1.3,2.4,0.8,13.1
423,utah, C,Jeff Withey,38,9,14.7,4.8,1.3,2.6,3.9,0.4,0.50,1.26,0.7,1.6,0.7,18.3
424,utah, PF,Trey Lyles,45,29,18.1,4.7,0.9,3.1,4.0,0.7,0.27,0.24,0.8,1.5,0.9,9.2
425,utah, SF,Joe Ingles,46,0,14.4,4.1,0.2,1.5,1.7,1.1,0.59,0.07,0.7,1.3,1.6,10.4
426,utah, PG,Erick Green,1,0,4.0,4.0,0.0,0.0,0.0,1.0,0.00,0.00,0.0,1.0,0.0,50.8
427,utah, SF,Chris Johnson,38,1,11.3,2.9,0.3,1.4,1.8,0.8,0.58,0.18,0.6,1.3,1.4,9.8
428,utah, C,Tibor Pleiss,12,0,6.8,2.0,0.5,0.8,1.3,0.2,0.08,0.17,0.7,1.6,0.3,3.7
429,utah, SG,Elijah Millsap,20,0,8.7,1.8,0.3,1.5,1.8,1.0,0.35,0.15,0.5,1.7,2.1,6.6
