,TEAM,POS,PLAYER,FGM,FGA,FG%,3PM,3PA,3P%,FTM,FTA,FT%,2PM,2PA,2P%,PPS,AFG%
0,bos, PG,Isaiah Thomas,6.9,16.4,.423,2.0,5.8,.347,5.6,6.2,0.89,4.9,10.6,.464,1.307,0.48
1,bos, PG,Avery Bradley,5.8,13.4,.434,2.0,5.6,.350,1.2,1.5,0.78,3.8,7.8,.494,1.103,0.51
2,bos, SF,Jae Crowder,5.0,11.0,.451,1.7,4.9,.358,2.6,3.2,0.83,3.3,6.1,.524,1.300,0.53
3,bos, C,Kelly Olynyk,3.9,8.5,.463,1.3,3.1,.428,1.2,1.7,0.70,2.6,5.4,.483,1.218,0.54
4,bos, PG,Marcus Smart,3.2,9.1,.356,1.0,4.0,.256,2.1,2.9,0.73,2.2,5.1,.435,1.057,0.41
5,bos, SG,Evan Turner,3.9,8.7,.444,0.2,1.2,.148,1.6,1.9,0.84,3.7,7.5,.492,1.094,0.45
6,bos, C,Jared Sullinger,3.9,9.4,.415,0.4,1.5,.264,1.3,2.0,0.64,3.5,7.9,.442,1.006,0.44
7,bos, PF,Amir Johnson,3.4,5.8,.583,0.2,0.7,.265,0.9,1.6,0.55,3.2,5.1,.629,1.354,0.60
8,bos, PF,David Lee,2.9,6.4,.453,0.0,0.0,.000,1.3,1.7,0.78,2.9,6.4,.455,1.115,0.45
9,bos, C,Tyler Zeller,2.0,4.2,.474,0.0,0.0,.000,0.8,1.2,0.68,2.0,4.2,.474,1.143,0.47
10,bos, PF,Jonas Jerebko,1.3,3.3,.400,0.5,1.2,.439,0.7,0.9,0.73,0.8,2.1,.379,1.156,0.48
11,bos, SG,R.J. Hunter,1.0,3.1,.338,0.5,2.0,.245,0.2,0.3,0.83,0.5,1.1,.520,.905,0.42
12,bos, PF,Jordan Mickey,0.7,1.0,.667,0.0,0.0,.000,1.0,1.0,1.00,0.7,1.0,.667,2.333,0.67
13,bos, PG,Terry Rozier,0.7,2.7,.245,0.1,0.7,.167,0.2,0.2,1.00,0.6,2.0,.270,.592,0.27
14,bkn, C,Brook Lopez,8.0,16.1,.501,0.0,0.1,.000,4.1,5.3,0.78,8.0,16.0,.504,1.258,0.50
15,bkn, PF,Thaddeus Young,6.7,13.2,.508,0.1,0.5,.217,1.4,2.3,0.61,6.6,12.7,.518,1.130,0.51
16,bkn, PG,Jarrett Jack,4.4,11.2,.391,1.0,3.2,.304,3.1,3.5,0.89,3.4,8.0,.426,1.148,0.43
17,bkn, SF,Joe Johnson,4.2,10.8,.390,1.4,4.1,.352,1.4,1.7,0.84,2.8,6.7,.413,1.045,0.46
18,bkn, SG,Bojan Bogdanovic,3.4,8.2,.417,1.3,3.8,.342,1.0,1.2,0.81,2.1,4.4,.479,1.109,0.50
19,bkn, C,Andrea Bargnani,2.9,6.2,.461,0.1,0.4,.188,1.1,1.3,0.82,2.8,5.8,.478,1.109,0.47
20,bkn, PG,Shane Larkin,2.7,6.1,.447,0.5,1.5,.358,0.8,1.0,0.81,2.2,4.6,.476,1.120,0.49
21,bkn, SG,Wayne Ellington,2.6,6.8,.381,1.1,3.1,.340,0.6,0.7,0.79,1.5,3.7,.416,1.000,0.46
22,bkn, PG,Donald Sloan,1.9,4.5,.427,0.6,1.2,.444,0.9,1.2,0.72,1.3,3.3,.421,1.176,0.49
23,bkn, SG,Rondae Hollis-Jefferson,2.1,4.3,.481,0.1,0.3,.200,1.1,1.6,0.67,2.0,4.0,.500,1.222,0.49
24,bkn, PF,Willie Reed,1.8,3.1,.588,0.0,0.0,.000,0.6,1.2,0.50,1.8,3.1,.588,1.375,0.59
25,bkn, PF,Thomas Robinson,1.5,3.1,.477,0.0,0.0,.000,0.5,1.0,0.51,1.5,3.1,.477,1.114,0.48
26,bkn, SG,Markel Brown,0.7,2.8,.265,0.3,1.3,.231,0.8,1.0,0.74,0.4,1.5,.295,.916,0.32
27,ny, SF,Carmelo Anthony,7.5,17.5,.428,1.3,4.0,.330,4.9,5.9,0.82,6.2,13.5,.458,1.211,0.47
28,ny, SG,Arron Afflalo,5.5,12.3,.446,1.3,3.6,.377,1.7,1.9,0.87,4.2,8.7,.475,1.137,0.50
29,ny, PF,Kristaps Porzingis,5.0,11.8,.424,1.1,3.1,.344,2.7,3.2,0.84,3.9,8.7,.453,1.168,0.47
30,ny, PF,Derrick Williams,3.1,7.2,.430,0.5,2.0,.232,2.7,3.5,0.77,2.6,5.2,.506,1.299,0.46
31,ny, C,Robin Lopez,3.8,7.3,.521,0.0,0.0,.000,1.4,1.7,0.80,3.8,7.3,.521,1.227,0.52
32,ny, SF,Lance Thomas,3.0,6.4,.471,0.8,1.8,.419,1.8,2.1,0.88,2.2,4.6,.491,1.344,0.53
33,ny, SG,Langston Galloway,2.9,6.9,.416,1.0,2.6,.370,1.2,1.5,0.80,1.9,4.3,.444,1.142,0.49
34,ny, PG,Jose Calderon,2.9,6.0,.475,1.1,2.7,.411,0.6,0.7,0.88,1.8,3.3,.529,1.236,0.57
35,ny, PG,Jerian Grant,1.7,4.9,.348,0.2,1.1,.154,1.3,1.6,0.78,1.5,3.8,.403,.996,0.36
36,ny, PF,Kyle O'Quinn,2.0,4.0,.488,0.0,0.3,.077,0.8,1.0,0.77,2.0,3.7,.524,1.169,0.49
37,ny, C,Kevin Seraphin,1.7,4.3,.399,0.0,0.0,.000,0.4,0.5,0.73,1.7,4.3,.402,.880,0.40
38,ny, SG,Sasha Vujacic,1.4,4.1,.341,0.6,1.9,.292,0.4,0.6,0.71,0.8,2.2,.384,.928,0.41
39,ny, SF,Thanasis Antetokounmpo,1.5,2.0,.750,0.0,0.5,.000,0.0,0.0,0.00,1.5,1.5,1.000,1.500,0.75
40,ny, PF,Lou Amundson,0.9,2.0,.429,0.0,0.0,.000,0.5,1.0,0.48,0.9,2.0,.429,1.095,0.43
41,phi, C,Jahlil Okafor,7.4,14.9,.494,0.0,0.1,.000,2.5,3.8,0.67,7.4,14.8,.496,1.158,0.49
42,phi, PG,Ish Smith,6.6,16.8,.395,0.5,1.6,.296,2.2,3.0,0.73,6.1,15.2,.405,.948,0.41
43,phi, SF,Robert Covington,3.7,9.8,.380,2.2,6.3,.344,1.8,2.3,0.80,1.5,3.5,.444,1.165,0.49
44,phi, PF,Nerlens Noel,4.4,8.5,.524,0.0,0.0,.000,1.9,3.3,0.57,4.4,8.5,.524,1.268,0.52
45,phi, PG,Isaiah Canaan,3.2,8.8,.362,2.2,5.9,.370,1.9,2.3,0.81,1.0,2.9,.346,1.184,0.49
46,phi, SF,Jerami Grant,3.2,7.4,.431,0.4,1.9,.216,2.5,3.7,0.67,2.8,5.5,.506,1.254,0.46
47,phi, SG,Hollis Thompson,3.2,7.8,.411,1.7,4.4,.398,0.7,1.0,0.65,1.5,3.4,.427,1.128,0.52
48,phi, SG,Tony Wroten,2.8,8.1,.338,0.4,2.1,.176,2.5,4.6,0.54,2.4,6.0,.396,1.031,0.36
49,phi, PF,Carl Landry,3.2,5.5,.574,0.1,0.2,.500,1.4,2.1,0.65,3.1,5.3,.576,1.410,0.58
50,phi, SG,Nik Stauskas,2.5,7.0,.361,1.4,4.4,.315,0.8,1.1,0.69,1.1,2.6,.436,1.031,0.46
51,phi, PF,Richaun Holmes,2.5,4.5,.551,0.2,0.9,.194,1.0,1.5,0.69,2.3,3.6,.640,1.372,0.57
52,phi, PG,T.J. McConnell,2.7,5.7,.471,0.4,1.3,.328,0.3,0.5,0.62,2.3,4.4,.512,1.074,0.51
53,phi, SG,JaKarr Sampson,1.9,4.4,.429,0.1,0.7,.194,1.4,2.1,0.64,1.8,3.7,.473,1.199,0.44
54,phi, PG,Phil Pressey,1.5,3.9,.382,0.3,0.9,.308,0.6,1.3,0.50,1.2,3.0,.405,1.000,0.42
55,phi, PG,Kendall Marshall,1.5,4.4,.340,0.5,1.8,.286,0.3,0.5,0.67,1.0,2.6,.375,.868,0.40
56,tor, SG,DeMar DeRozan,7.9,17.6,.446,0.6,1.9,.312,6.9,8.2,0.84,7.3,15.7,.462,1.319,0.46
57,tor, PG,Kyle Lowry,6.6,15.5,.422,2.8,7.1,.388,5.0,5.8,0.87,3.8,8.4,.450,1.342,0.51
58,tor, C,Jonas Valanciunas,4.7,8.8,.537,0.0,0.0,.000,2.8,3.8,0.73,4.7,8.8,.537,1.391,0.54
59,tor, SF,DeMarre Carroll,4.3,11.1,.388,1.8,4.8,.378,1.2,2.1,0.58,2.5,6.3,.396,1.051,0.47
60,tor, PF,Luis Scola,4.0,8.7,.456,0.8,1.8,.425,1.0,1.2,0.79,3.2,6.9,.464,1.113,0.50
61,tor, SF,Terrence Ross,3.3,7.5,.441,1.7,4.3,.380,0.6,0.7,0.81,1.6,3.2,.526,1.180,0.55
62,tor, PG,Cory Joseph,3.1,6.9,.454,0.3,1.1,.268,2.0,2.6,0.75,2.8,5.8,.491,1.239,0.48
63,tor, PF,Patrick Patterson,2.3,6.1,.387,1.3,3.9,.332,0.2,0.2,0.90,1.0,2.2,.486,1.017,0.49
64,tor, C,Bismack Biyombo,1.8,3.6,.511,0.0,0.0,.000,1.9,2.9,0.67,1.8,3.6,.511,1.557,0.51
65,tor, PF,James Johnson,2.0,3.9,.513,0.3,0.9,.361,0.7,1.2,0.61,1.7,3.0,.559,1.292,0.56
66,tor, C,Lucas Nogueira,1.2,1.6,.731,0.1,0.1,.500,0.4,0.6,0.67,1.1,1.5,.750,1.731,0.75
67,tor, PF,Anthony Bennett,0.4,1.6,.261,0.1,0.9,.154,0.6,0.7,0.90,0.3,0.7,.400,1.000,0.30
68,tor, SG,Norman Powell,0.5,2.0,.233,0.0,0.4,.111,0.1,0.1,0.67,0.5,1.6,.265,.535,0.24
69,tor, PG,Delon Wright,0.3,1.0,.333,0.2,0.3,.667,0.3,0.5,0.50,0.1,0.7,.222,1.083,0.42
70,gs, PG,Stephen Curry,9.7,19.3,.506,4.8,10.7,.451,5.1,5.6,0.91,4.9,8.6,.573,1.525,0.63
71,gs, SG,Klay Thompson,7.8,16.3,.476,3.2,7.5,.433,2.7,3.2,0.84,4.6,8.8,.512,1.313,0.58
72,gs, PF,Draymond Green,5.2,10.7,.488,1.4,3.4,.421,2.7,4.0,0.67,3.8,7.3,.519,1.363,0.55
73,gs, SF,Harrison Barnes,4.5,9.8,.465,1.2,2.9,.394,1.7,2.0,0.85,3.3,6.9,.495,1.224,0.52
74,gs, SF,Andre Iguodala,2.9,5.7,.496,0.9,2.4,.386,0.9,1.3,0.65,2.0,3.3,.577,1.307,0.58
75,gs, C,Festus Ezeli,2.9,5.3,.557,0.0,0.0,.000,1.7,3.1,0.53,2.9,5.3,.557,1.429,0.56
76,gs, SG,Leandro Barbosa,2.6,5.7,.455,0.6,1.6,.386,0.7,0.9,0.84,2.0,4.1,.482,1.152,0.51
77,gs, PG,Shaun Livingston,2.7,5.1,.535,0.0,0.3,.167,0.9,0.9,0.93,2.7,4.8,.555,1.248,0.54
78,gs, C,Marreese Speights,2.2,5.9,.376,0.2,0.4,.375,1.2,1.5,0.79,2.0,5.5,.376,.978,0.39
79,gs, C,Andrew Bogut,2.6,4.1,.624,0.0,0.0,.000,0.3,0.7,0.41,2.6,4.1,.624,1.318,0.62
80,gs, SF,Brandon Rush,1.9,4.2,.455,1.2,2.5,.459,0.2,0.3,0.58,0.7,1.7,.448,1.224,0.59
81,gs, SG,Ian Clark,1.6,3.6,.460,0.6,1.4,.424,0.5,0.5,0.90,1.0,2.2,.484,1.213,0.54
82,gs, PF,Jason Thompson,0.8,1.6,.488,0.0,0.0,.000,0.7,1.1,0.64,0.8,1.6,.488,1.415,0.49
83,gs, SF,James Michael McAdoo,0.9,1.6,.550,0.0,0.0,.000,0.5,1.1,0.48,0.9,1.6,.550,1.425,0.55
84,lac, PF,Blake Griffin,9.4,18.4,.508,0.2,0.6,.353,4.3,5.9,0.72,9.2,17.8,.513,1.260,0.51
85,lac, PG,Chris Paul,6.8,14.9,.459,1.5,4.0,.386,3.6,4.0,0.89,5.3,10.9,.485,1.261,0.51
86,lac, SG,J.J. Redick,5.4,11.3,.482,2.7,5.6,.486,2.7,3.1,0.87,2.7,5.7,.478,1.442,0.60
87,lac, SG,Jamal Crawford,4.4,10.9,.402,1.3,3.8,.330,2.8,3.0,0.92,3.1,7.1,.441,1.178,0.46
88,lac, C,DeAndre Jordan,4.3,6.0,.715,0.0,0.0,.000,3.3,7.7,0.43,4.3,6.0,.715,1.975,0.71
89,lac, PG,Austin Rivers,3.2,7.4,.437,0.7,2.6,.287,0.9,1.4,0.68,2.5,4.8,.516,1.099,0.49
90,lac, SF,Wesley Johnson,2.5,5.9,.427,1.3,3.8,.344,0.4,0.6,0.58,1.2,2.1,.574,1.139,0.54
91,lac, C,Josh Smith,2.2,5.6,.383,0.6,1.8,.310,0.8,1.3,0.60,1.6,3.8,.418,1.006,0.43
92,lac, SF,Paul Pierce,1.9,5.6,.336,1.1,3.6,.306,0.7,0.9,0.79,0.8,2.0,.389,.992,0.43
93,lac, C,Cole Aldrich,2.1,4.1,.514,0.0,0.0,.000,1.3,1.9,0.68,2.1,4.1,.514,1.346,0.51
94,lac, SF,Lance Stephenson,1.7,3.7,.458,0.4,1.1,.372,0.5,0.7,0.72,1.3,2.6,.495,1.155,0.51
95,lac, PF,Luc Richard Mbah a Moute,1.1,2.7,.411,0.2,0.6,.357,0.5,0.8,0.61,0.9,2.1,.427,1.089,0.45
96,lac, PG,Pablo Prigioni,0.8,2.0,.404,0.4,1.4,.316,0.1,0.1,1.00,0.4,0.6,.579,1.053,0.51
97,lac, SF,Branden Dawson,0.5,1.5,.333,0.0,0.0,.000,0.0,0.0,0.00,0.5,1.5,.333,.667,0.33
98,lac, SG,C.J. Wilcox,0.4,1.6,.273,0.0,0.1,.000,0.0,0.0,0.00,0.4,1.5,.300,.545,0.27
99,lal, SF,Kobe Bryant,5.7,16.0,.353,1.8,6.7,.273,3.3,4.1,0.80,3.9,9.3,.410,1.023,0.41
100,lal, SG,Louis Williams,4.3,10.7,.398,1.6,4.7,.332,5.3,6.4,0.84,2.7,6.0,.450,1.437,0.47
101,lal, PG,Jordan Clarkson,6.0,13.5,.441,1.0,3.0,.333,2.2,2.9,0.78,5.0,10.5,.472,1.122,0.48
102,lal, PG,D'Angelo Russell,4.7,11.3,.415,1.5,4.7,.329,1.1,1.7,0.68,3.2,6.6,.475,1.065,0.48
103,lal, PF,Julius Randle,4.3,10.4,.415,0.1,0.4,.286,2.3,3.2,0.70,4.2,10.0,.420,1.058,0.42
104,lal, SF,Nick Young,2.5,7.0,.358,1.5,4.4,.343,0.8,1.0,0.80,1.0,2.6,.383,1.045,0.47
105,lal, C,Roy Hibbert,2.5,5.6,.439,0.0,0.0,.000,1.7,2.1,0.83,2.5,5.6,.442,1.188,0.44
106,lal, PF,Brandon Bass,2.4,4.4,.545,0.0,0.0,.000,1.4,1.7,0.85,2.4,4.4,.548,1.418,0.54
107,lal, PF,Larry Nance Jr.,2.6,4.9,.541,0.0,0.1,.333,0.5,0.8,0.70,2.6,4.8,.545,1.196,0.54
108,lal, PF,Ryan Kelly,1.8,4.7,.389,0.3,1.5,.172,1.4,2.1,0.67,1.5,3.2,.492,1.122,0.42
109,lal, SF,Metta World Peace,1.6,5.1,.313,0.9,2.4,.370,0.8,1.2,0.70,0.7,2.7,.260,.969,0.40
110,lal, SF,Anthony Brown,1.3,4.1,.313,0.7,2.3,.291,0.6,0.7,0.82,0.6,1.8,.341,.929,0.39
111,lal, C,Tarik Black,1.5,2.6,.571,0.0,0.0,.000,0.6,1.4,0.43,1.5,2.6,.571,1.381,0.57
112,lal, C,Robert Sacre,1.2,2.8,.422,0.0,0.0,.000,0.6,1.3,0.50,1.2,2.8,.422,1.067,0.42
113,phx, PG,Eric Bledsoe,7.2,15.9,.453,1.5,4.2,.372,4.5,5.5,0.80,5.7,11.7,.482,1.285,0.50
114,phx, PG,Brandon Knight,7.4,17.3,.424,2.1,6.2,.333,2.9,3.4,0.85,5.3,11.1,.475,1.136,0.48
115,phx, SF,T.J. Warren,4.7,9.4,.501,0.6,1.5,.400,1.0,1.4,0.70,4.1,7.9,.520,1.168,0.53
116,phx, PF,Markieff Morris,4.4,11.0,.398,0.6,2.0,.284,1.5,2.1,0.71,3.8,9.0,.424,.981,0.42
117,phx, SG,Devin Booker,3.7,7.9,.465,1.2,2.8,.418,1.9,2.3,0.81,2.5,5.1,.491,1.315,0.54
118,phx, PF,Mirza Teletovic,3.3,7.9,.418,2.0,5.1,.403,1.0,1.3,0.76,1.3,2.8,.444,1.220,0.55
119,phx, PF,Jon Leuer,3.5,7.1,.485,0.8,1.9,.402,0.9,1.2,0.74,2.7,5.2,.516,1.205,0.54
120,phx, SG,Archie Goodwin,2.6,6.4,.414,0.4,1.3,.275,2.2,3.4,0.66,2.2,5.1,.450,1.236,0.44
121,phx, SF,P.J. Tucker,2.5,6.2,.405,0.8,2.3,.351,1.0,1.4,0.73,1.7,3.9,.436,1.104,0.47
122,phx, C,Alex Len,2.6,5.7,.455,0.0,0.1,.250,1.6,2.2,0.73,2.6,5.6,.458,1.192,0.46
123,phx, SG,Jordan McRae,1.7,4.3,.385,0.3,1.7,.200,2.3,2.7,0.88,1.4,2.6,.500,1.385,0.42
124,phx, C,Tyson Chandler,2.0,4.0,.497,0.0,0.0,.000,1.6,2.5,0.63,2.0,4.0,.500,1.387,0.50
125,phx, PG,Ronnie Price,1.4,3.6,.382,0.9,2.5,.381,0.5,0.6,0.89,0.5,1.1,.385,1.163,0.51
126,phx, SG,Sonny Weems,1.1,2.5,.429,0.5,1.0,.464,0.3,0.4,0.64,0.6,1.5,.405,1.143,0.52
127,phx, PF,Cory Jefferson,1.1,2.8,.409,0.0,0.1,.000,0.5,0.8,0.67,1.1,2.7,.429,1.000,0.41
128,phx, PG,Lorenzo Brown,1.0,3.1,.320,0.1,1.0,.125,0.4,0.5,0.75,0.9,2.1,.412,.800,0.34
129,sac, C,DeMarcus Cousins,9.1,20.5,.444,1.2,3.4,.338,7.6,10.3,0.73,7.9,17.1,.466,1.313,0.47
130,sac, SF,Rudy Gay,7.2,15.2,.475,1.0,3.1,.336,2.9,3.7,0.79,6.2,12.1,.511,1.210,0.51
131,sac, PG,Darren Collison,4.6,10.2,.454,1.1,2.9,.365,2.4,2.9,0.83,3.5,7.3,.490,1.249,0.51
132,sac, SF,Omri Casspi,4.6,9.2,.499,1.9,4.4,.437,1.3,2.1,0.62,2.7,4.8,.556,1.352,0.60
133,sac, PG,Rajon Rondo,5.0,10.9,.456,0.8,2.2,.364,1.3,2.2,0.57,4.2,8.7,.479,1.100,0.49
134,sac, SG,Marco Belinelli,3.6,9.5,.382,1.4,4.6,.307,2.1,2.5,0.86,2.2,4.9,.454,1.142,0.46
135,sac, SG,Ben McLemore,2.9,6.3,.456,0.9,2.5,.373,1.2,1.6,0.71,2.0,3.8,.511,1.247,0.53
136,sac, C,Kosta Koufos,3.0,5.8,.520,0.0,0.0,.000,0.9,1.5,0.58,3.0,5.8,.520,1.192,0.52
137,sac, C,Willie Cauley-Stein,2.3,3.9,.590,0.0,0.0,.000,1.1,1.9,0.57,2.3,3.9,.590,1.448,0.59
138,sac, SF,Quincy Acy,1.5,2.7,.549,0.2,0.4,.455,0.6,0.8,0.73,1.3,2.3,.567,1.394,0.58
139,sac, SG,Seth Curry,1.2,2.7,.443,0.5,1.3,.414,0.8,1.0,0.83,0.7,1.4,.469,1.393,0.54
140,sac, SF,Caron Butler,1.2,2.9,.423,0.1,0.9,.125,0.1,0.2,0.50,1.1,2.0,.556,.923,0.44
141,sac, SG,James Anderson,0.7,2.4,.281,0.4,1.2,.303,0.4,0.4,0.92,0.3,1.2,.258,.891,0.36
142,chi, SG,Jimmy Butler,7.5,16.4,.455,1.1,3.4,.331,6.4,7.7,0.83,6.4,13.0,.488,1.368,0.49
143,chi, C,Pau Gasol,6.7,14.0,.476,0.2,0.6,.346,3.1,3.9,0.80,6.5,13.4,.482,1.188,0.48
144,chi, PG,Derrick Rose,6.4,15.6,.410,0.6,2.3,.258,2.0,2.6,0.79,5.8,13.3,.436,.987,0.43
145,chi, PF,Nikola Mirotic,3.4,8.8,.386,1.7,4.8,.354,2.1,2.7,0.78,1.7,4.0,.422,1.198,0.48
146,chi, SF,Doug McDermott,3.0,7.1,.428,1.3,3.1,.431,0.3,0.4,0.84,1.7,4.0,.425,1.095,0.52
147,chi, PF,Taj Gibson,3.3,6.5,.503,0.0,0.1,.000,1.2,1.8,0.67,3.3,6.4,.508,1.194,0.50
148,chi, PG,Aaron Brooks,2.8,6.9,.406,1.1,2.9,.367,0.8,0.9,0.82,1.7,4.0,.435,1.078,0.48
149,chi, PF,Bobby Portis,2.7,6.2,.443,0.2,0.8,.273,0.8,1.0,0.75,2.5,5.4,.469,1.048,0.46
150,chi, SF,Tony Snell,2.1,5.7,.367,1.0,2.7,.358,0.5,0.5,0.92,1.1,3.0,.376,.992,0.45
151,chi, SG,E'Twaun Moore,2.2,4.6,.472,0.4,1.1,.350,0.4,0.6,0.64,1.8,3.5,.512,1.118,0.52
152,chi, C,Joakim Noah,1.8,4.6,.383,0.0,0.0,.000,0.8,1.6,0.49,1.8,4.6,.386,.932,0.38
153,chi, SG,Kirk Hinrich,1.4,3.3,.418,0.6,1.5,.413,0.5,0.5,0.94,0.8,1.8,.423,1.184,0.52
154,chi, PF,Cameron Bairstow,0.5,1.5,.294,0.0,0.2,.000,0.0,0.0,0.00,0.5,1.3,.333,.588,0.29
155,cle, SF,LeBron James,9.4,18.7,.505,1.0,3.8,.276,5.0,6.9,0.72,8.4,14.9,.564,1.333,0.53
156,cle, PG,Kyrie Irving,6.5,15.1,.431,1.0,4.0,.253,2.7,3.1,0.88,5.5,11.1,.494,1.107,0.46
157,cle, PF,Kevin Love,5.5,12.9,.425,2.1,5.6,.371,3.1,3.9,0.80,3.4,7.3,.466,1.249,0.51
158,cle, SG,J.R. Smith,4.6,11.2,.414,2.4,6.2,.395,0.7,1.2,0.60,2.2,5.0,.437,1.108,0.52
159,cle, PG,Mo Williams,3.9,8.6,.452,0.9,2.8,.333,1.2,1.4,0.90,3.0,5.8,.509,1.157,0.51
160,cle, PG,Matthew Dellavedova,3.0,7.1,.423,1.4,3.2,.432,0.8,0.9,0.90,1.6,3.9,.416,1.156,0.52
161,cle, C,Tristan Thompson,3.1,5.4,.579,0.0,0.0,.000,1.8,3.0,0.61,3.1,5.4,.579,1.496,0.58
162,cle, SG,Iman Shumpert,2.5,6.1,.405,1.0,2.9,.347,0.5,0.7,0.76,1.5,3.2,.457,1.059,0.49
163,cle, C,Timofey Mozgov,2.7,5.1,.534,0.0,0.2,.143,1.0,1.3,0.77,2.7,4.9,.546,1.269,0.54
164,cle, SF,Richard Jefferson,2.0,4.4,.444,0.9,2.3,.386,0.8,1.3,0.60,1.1,2.1,.511,1.270,0.55
165,cle, SG,James Jones,1.1,2.9,.370,0.8,2.2,.355,0.5,0.6,0.76,0.3,0.7,.417,1.170,0.51
166,cle, SG,Jared Cunningham,0.9,2.4,.356,0.3,0.8,.323,0.8,1.3,0.63,0.6,1.6,.373,1.156,0.41
167,cle, PF,Anderson Varejao,1.0,2.3,.426,0.0,0.0,.000,0.5,0.6,0.76,1.0,2.3,.433,1.066,0.43
168,cle, C,Sasha Kaun,0.3,0.6,.600,0.0,0.0,.000,0.2,0.4,0.50,0.3,0.6,.600,1.600,0.60
169,det, PG,Reggie Jackson,7.1,16.3,.438,1.4,4.0,.359,3.4,4.1,0.84,5.7,12.3,.464,1.174,0.48
170,det, C,Andre Drummond,7.3,13.9,.524,0.0,0.1,.333,2.7,7.8,0.35,7.3,13.8,.525,1.244,0.52
171,det, SG,Kentavious Caldwell-Pope,5.4,12.8,.422,1.6,5.0,.313,2.5,3.0,0.82,3.8,7.8,.491,1.159,0.48
172,det, PF,Marcus Morris,4.9,11.8,.419,1.0,3.4,.304,2.8,3.6,0.77,3.9,8.4,.464,1.157,0.46
173,det, PF,Ersan Ilyasova,4.1,9.8,.423,1.5,4.1,.360,1.5,2.1,0.74,2.6,5.7,.469,1.154,0.50
174,det, SF,Stanley Johnson,3.3,8.6,.391,0.9,2.8,.331,1.1,1.4,0.77,2.4,5.8,.421,1.019,0.45
175,det, PG,Brandon Jennings,2.2,6.1,.358,1.1,3.3,.317,1.3,1.9,0.71,1.1,2.8,.408,1.110,0.44
176,det, C,Aron Baynes,2.2,4.4,.498,0.0,0.0,.000,1.2,1.6,0.74,2.2,4.4,.500,1.268,0.50
177,det, PF,Anthony Tolliver,1.8,4.6,.380,1.3,3.7,.362,0.5,0.7,0.66,0.5,0.9,.455,1.154,0.52
178,det, PG,Spencer Dinwiddie,1.6,3.9,.400,0.1,0.8,.143,1.2,2.1,0.58,1.5,3.1,.464,1.143,0.41
179,det, PG,Steve Blake,1.6,4.2,.388,0.9,2.7,.351,0.2,0.2,0.71,0.7,1.5,.455,1.041,0.50
180,det, SF,Darrun Hilliard,0.8,2.4,.341,0.3,0.8,.357,0.6,0.8,0.77,0.5,1.6,.333,1.049,0.40
181,det, SG,Jodie Meeks,0.5,2.5,.200,0.0,0.0,.000,0.0,0.0,0.00,0.5,2.5,.200,.400,0.20
182,det, C,Joel Anthony,0.2,0.4,.400,0.0,0.0,.000,0.4,0.5,0.83,0.2,0.4,.400,1.800,0.40
183,ind, SF,Paul George,7.4,18.0,.409,2.8,7.3,.377,5.8,6.8,0.85,4.6,10.7,.431,1.292,0.49
184,ind, SG,Monta Ellis,5.7,13.1,.436,1.0,3.3,.302,1.9,2.5,0.75,4.7,9.8,.481,1.094,0.47
185,ind, PG,George Hill,4.8,10.6,.450,2.0,4.5,.437,1.6,2.1,0.74,2.8,6.1,.460,1.233,0.54
186,ind, SF,C.J. Miles,4.0,10.3,.389,2.2,6.3,.348,1.7,2.3,0.74,1.8,4.0,.456,1.158,0.50
187,ind, PG,Rodney Stuckey,3.6,8.8,.410,0.3,1.5,.208,2.3,2.8,0.83,3.3,7.3,.450,1.121,0.43
188,ind, C,Jordan Hill,4.1,7.9,.516,0.0,0.0,.000,1.4,2.0,0.70,4.1,7.9,.517,1.209,0.52
189,ind, PF,Myles Turner,4.0,7.4,.536,0.0,0.1,.000,1.6,2.4,0.65,4.0,7.3,.542,1.286,0.54
190,ind, C,Ian Mahinmi,3.3,5.6,.598,0.0,0.0,.000,1.8,3.1,0.57,3.3,5.6,.598,1.515,0.60
191,ind, PF,Lavoy Allen,2.5,5.2,.490,0.0,0.0,.000,0.4,0.7,0.56,2.5,5.2,.490,1.053,0.49
192,ind, SF,Chase Budinger,1.7,4.1,.402,0.5,1.5,.295,0.8,1.1,0.70,1.2,2.6,.466,1.104,0.46
193,ind, PG,Joe Young,1.5,3.7,.407,0.2,0.8,.222,0.7,0.9,0.81,1.3,2.9,.456,1.058,0.43
194,ind, SG,Glenn Robinson III,1.4,3.3,.435,0.3,0.8,.333,0.7,1.0,0.68,1.1,2.5,.469,1.167,0.48
195,ind, SF,Solomon Hill,1.2,3.0,.397,0.2,0.9,.174,0.6,0.6,0.94,1.0,2.1,.491,1.038,0.42
196,mil, SG,Khris Middleton,6.1,14.3,.429,2.0,4.8,.412,3.4,3.9,0.87,4.1,9.5,.438,1.235,0.50
197,mil, C,Greg Monroe,6.7,12.9,.521,0.0,0.0,.000,3.2,4.2,0.76,6.7,12.9,.521,1.286,0.52
198,mil, SF,Giannis Antetokounmpo,6.0,11.9,.509,0.3,1.3,.226,3.6,4.7,0.76,5.7,10.6,.542,1.340,0.52
199,mil, PG,Michael Carter-Williams,4.7,10.3,.453,0.3,0.9,.317,2.0,2.9,0.67,4.4,9.4,.466,1.125,0.47
200,mil, PF,Jabari Parker,4.8,9.7,.492,0.0,0.2,.000,1.8,2.3,0.79,4.8,9.5,.500,1.174,0.49
201,mil, PG,Jerryd Bayless,3.6,8.5,.418,1.9,4.5,.416,1.3,1.7,0.80,1.7,4.0,.421,1.213,0.53
202,mil, SG,O.J. Mayo,3.4,9.1,.374,1.2,4.1,.294,1.0,1.3,0.79,2.2,5.0,.438,.992,0.44
203,mil, PG,Greivis Vasquez,2.4,7.0,.348,0.9,3.4,.259,1.4,1.6,0.88,1.5,3.6,.431,1.018,0.41
204,mil, PF,John Henson,2.9,4.8,.591,0.0,0.0,.000,1.0,2.0,0.54,2.9,4.8,.591,1.399,0.59
205,mil, PF,Johnny O'Bryant III,1.4,3.4,.417,0.0,0.0,1.000,0.5,0.7,0.67,1.4,3.4,.413,.981,0.42
206,mil, C,Miles Plumlee,1.2,2.1,.571,0.0,0.0,.000,0.4,0.5,0.79,1.2,2.1,.571,1.317,0.57
207,mil, PG,Tyler Ennis,1.0,2.6,.400,0.2,0.6,.286,0.4,0.5,0.75,0.8,2.0,.435,1.017,0.43
208,mil, SG,Rashad Vaughn,0.9,3.0,.315,0.6,1.6,.348,0.2,0.2,0.89,0.3,1.4,.276,.882,0.41
209,mil, SF,Chris Copeland,0.7,2.1,.333,0.4,1.5,.278,0.3,0.3,0.86,0.3,0.6,.467,.980,0.43
210,dal, PF,Dirk Nowitzki,6.3,14.1,.447,1.7,4.3,.392,3.2,3.5,0.91,4.6,9.8,.471,1.237,0.51
211,dal, PG,Deron Williams,5.0,12.0,.414,1.4,4.2,.341,2.5,2.8,0.90,3.6,7.8,.452,1.157,0.47
212,dal, SG,Wesley Matthews,4.2,11.1,.380,2.4,6.8,.347,1.5,1.8,0.86,1.8,4.3,.433,1.111,0.49
213,dal, SF,Chandler Parsons,4.7,9.7,.483,1.4,3.6,.394,1.3,2.1,0.63,3.3,6.1,.536,1.249,0.56
214,dal, C,Zaza Pachulia,3.5,7.3,.479,0.0,0.0,.000,3.4,4.4,0.77,3.5,7.3,.482,1.422,0.48
215,dal, PG,J.J. Barea,3.8,8.9,.424,1.2,3.4,.364,1.0,1.3,0.77,2.6,5.5,.460,1.100,0.49
216,dal, PG,Raymond Felton,3.4,8.3,.411,0.9,2.7,.328,1.7,2.0,0.85,2.5,5.6,.450,1.132,0.46
217,dal, PG,Devin Harris,2.6,5.7,.460,0.7,2.1,.337,1.5,2.2,0.68,1.9,3.6,.531,1.310,0.52
218,dal, PF,Dwight Powell,2.4,5.0,.490,0.0,0.2,.200,1.7,2.3,0.74,2.4,4.8,.502,1.333,0.49
219,dal, PF,Charlie Villanueva,2.2,5.9,.377,0.8,3.1,.246,0.3,0.4,0.88,1.4,2.8,.521,.939,0.44
220,dal, C,JaVale McGee,2.4,4.1,.588,0.0,0.0,.000,0.6,1.2,0.50,2.4,4.1,.593,1.328,0.59
221,dal, C,Salah Mejri,1.6,2.3,.704,0.0,0.0,.000,1.0,1.4,0.71,1.6,2.3,.704,1.852,0.70
222,dal, SG,John Jenkins,1.4,3.3,.414,0.1,0.9,.158,0.4,0.4,0.89,1.3,2.4,.510,.986,0.44
223,dal, SF,Jeremy Evans,0.9,1.6,.522,0.1,0.5,.200,0.5,0.8,0.71,0.8,1.1,.677,1.435,0.55
224,hou, SG,James Harden,8.2,19.1,.430,2.7,7.9,.349,8.7,10.0,0.87,5.5,11.2,.486,1.460,0.50
225,hou, C,Dwight Howard,5.2,8.6,.608,0.0,0.1,.000,3.9,7.1,0.55,5.2,8.5,.611,1.672,0.61
226,hou, SF,Trevor Ariza,4.3,10.5,.411,2.3,6.0,.375,1.3,1.8,0.73,2.0,4.5,.459,1.164,0.52
227,hou, C,Josh Smith,4.1,11.0,.377,1.3,4.6,.281,0.7,1.4,0.50,2.8,6.4,.444,.935,0.44
228,hou, SF,Marcus Thornton,3.8,9.3,.408,1.6,4.6,.355,1.0,1.2,0.88,2.2,4.7,.459,1.100,0.50
229,hou, PF,Terrence Jones,3.6,7.9,.451,0.6,1.8,.316,1.7,2.5,0.67,3.0,6.1,.489,1.183,0.49
230,hou, PG,Patrick Beverley,3.4,7.9,.430,1.8,4.2,.428,0.7,1.1,0.67,1.6,3.7,.432,1.175,0.54
231,hou, PF,Clint Capela,3.2,5.6,.566,0.0,0.0,.000,1.2,2.8,0.41,3.2,5.6,.566,1.339,0.57
232,hou, SG,Corey Brewer,2.5,6.9,.370,0.8,2.8,.283,1.3,1.6,0.80,1.7,4.1,.432,1.046,0.43
233,hou, PG,Ty Lawson,2.3,5.8,.398,0.6,1.9,.329,1.3,1.8,0.71,1.7,3.9,.431,1.117,0.45
234,hou, SG,Jason Terry,2.1,4.9,.427,1.3,3.6,.364,0.5,0.6,0.80,0.8,1.3,.600,1.218,0.56
235,hou, PF,Donatas Motiejunas,2.2,4.4,.500,0.5,1.2,.412,0.6,1.0,0.64,1.7,3.2,.533,1.258,0.56
236,hou, PF,Montrezl Harrell,1.4,2.1,.654,0.0,0.0,.000,0.8,1.4,0.54,1.4,2.1,.654,1.673,0.65
237,hou, PF,Chuck Hayes,0.5,1.0,.500,0.0,0.0,.000,1.0,1.0,1.00,0.5,1.0,.500,2.000,0.50
238,hou, SG,K.J. McDaniels,0.5,1.6,.308,0.1,0.4,.286,0.4,0.6,0.67,0.4,1.2,.316,.923,0.35
239,mem, C,Marc Gasol,6.3,13.8,.459,0.0,0.1,.667,4.0,4.8,0.83,6.3,13.7,.458,1.212,0.46
240,mem, PG,Mike Conley,5.0,12.3,.404,1.3,3.9,.349,3.3,4.0,0.85,3.7,8.4,.429,1.192,0.46
241,mem, PF,Zach Randolph,5.8,11.9,.488,0.0,0.2,.143,2.2,3.0,0.75,5.8,11.7,.492,1.164,0.49
242,mem, SF,Jeff Green,4.5,10.3,.435,0.8,2.4,.317,2.3,2.9,0.80,3.7,7.9,.471,1.173,0.47
243,mem, PG,Mario Chalmers,3.0,7.2,.423,0.9,2.6,.343,3.6,4.4,0.81,2.1,4.6,.470,1.469,0.49
244,mem, SG,Courtney Lee,3.9,8.4,.461,1.0,2.7,.367,1.6,1.9,0.85,2.9,5.7,.506,1.234,0.52
245,mem, SF,Matt Barnes,3.1,7.8,.402,1.4,4.3,.330,1.1,1.4,0.81,1.7,3.5,.490,1.131,0.49
246,mem, SG,Tony Allen,2.7,6.5,.420,0.2,0.6,.360,1.1,1.7,0.62,2.5,5.9,.426,1.036,0.44
247,mem, PF,Brandan Wright,2.6,4.3,.600,0.0,0.0,.000,1.4,2.6,0.56,2.6,4.3,.600,1.533,0.60
248,mem, PG,Beno Udrih,2.5,5.8,.435,0.5,1.4,.364,0.4,0.4,1.00,2.0,4.4,.457,1.022,0.48
249,mem, PF,JaMychal Green,2.1,4.2,.490,0.2,0.4,.529,1.1,1.4,0.76,1.9,3.8,.486,1.288,0.51
250,mem, SG,Vince Carter,1.4,3.9,.352,0.6,2.2,.284,0.6,0.7,0.87,0.8,1.7,.436,1.025,0.43
251,mem, SG,Jordan Adams,1.0,3.0,.333,0.0,0.5,.000,1.5,2.5,0.60,1.0,2.5,.400,1.167,0.33
252,mem, C,Ryan Hollins,1.1,1.9,.579,0.0,0.0,.000,0.6,0.9,0.67,1.1,1.9,.579,1.474,0.58
253,mem, SF,James Ennis,0.4,1.1,.375,0.3,0.7,.400,0.7,1.1,0.63,0.1,0.4,.333,1.625,0.50
254,mem, SG,Elliot Williams,0.4,2.0,.200,0.2,0.8,.250,0.6,0.8,0.75,0.2,1.2,.167,.800,0.25
255,mem, PG,Russ Smith,0.5,1.5,.318,0.1,0.3,.200,0.5,0.9,0.62,0.4,1.2,.353,1.045,0.34
256,mem, PF,Jarell Martin,0.5,2.5,.200,0.0,0.0,.000,0.0,0.0,0.00,0.5,2.5,.200,.400,0.20
257,no, PF,Anthony Davis,8.7,17.8,.490,0.5,1.7,.300,5.0,6.5,0.76,8.2,16.1,.510,1.287,0.50
258,no, PF,Ryan Anderson,6.1,13.9,.438,2.2,5.6,.400,3.0,3.4,0.86,3.9,8.3,.463,1.248,0.52
259,no, SG,Tyreke Evans,5.4,12.6,.433,1.3,3.4,.388,3.0,3.7,0.80,4.1,9.2,.450,1.207,0.49
260,no, SG,Eric Gordon,5.0,12.2,.410,2.5,6.5,.377,2.4,2.8,0.89,2.5,5.7,.448,1.222,0.51
261,no, PG,Jrue Holiday,5.3,12.2,.435,1.2,3.3,.368,2.5,3.1,0.80,4.1,8.9,.460,1.172,0.48
262,no, PG,Norris Cole,4.0,10.1,.395,0.7,2.5,.284,0.8,1.1,0.72,3.3,7.6,.430,.934,0.43
263,no, PG,Ish Smith,3.6,8.4,.430,0.4,1.2,.303,1.2,1.6,0.77,3.2,7.2,.451,1.048,0.45
264,no, PG,Toney Douglas,2.2,5.0,.443,1.0,2.3,.433,0.9,1.0,0.88,1.2,2.7,.451,1.260,0.54
265,no, SG,Bryce Dejean-Jones,2.0,4.7,.429,1.0,2.3,.429,0.7,1.5,0.44,1.0,2.4,.429,1.214,0.54
266,no, C,Alexis Ajinca,2.1,4.0,.521,0.0,0.0,.000,0.5,0.6,0.90,2.1,4.0,.524,1.174,0.52
267,no, SF,Alonzo Gee,1.7,3.4,.497,0.3,1.0,.304,0.5,0.7,0.81,1.4,2.4,.574,1.236,0.54
268,no, PF,Dante Cunningham,1.6,3.8,.429,0.6,1.8,.342,0.3,0.5,0.68,1.0,2.0,.505,1.106,0.51
269,no, C,Omer Asik,1.3,2.6,.515,0.0,0.0,.000,1.0,1.6,0.61,1.3,2.6,.515,1.408,0.51
270,no, SF,Luke Babbitt,1.2,3.3,.370,0.7,2.3,.314,0.4,0.5,0.73,0.5,1.0,.500,1.068,0.48
271,no, C,Kendrick Perkins,1.3,1.6,.813,0.0,0.0,.000,0.1,0.4,0.25,1.3,1.6,.813,1.688,0.81
272,no, PG,Jimmer Fredette,0.3,1.0,.250,0.0,0.3,.000,0.0,0.0,0.00,0.3,0.7,.333,.500,0.25
273,sa, SF,Kawhi Leonard,7.1,14.2,.502,1.8,3.9,.478,3.7,4.2,0.88,5.3,10.3,.512,1.394,0.57
274,sa, PF,LaMarcus Aldridge,6.6,13.4,.495,0.0,0.3,.000,2.9,3.6,0.81,6.6,13.1,.504,1.206,0.49
275,sa, PG,Tony Parker,5.1,9.9,.521,0.3,0.8,.429,1.8,2.3,0.76,4.8,9.1,.529,1.256,0.54
276,sa, SG,Manu Ginobili,3.6,7.9,.456,1.2,3.1,.371,1.7,2.2,0.79,2.4,4.8,.513,1.281,0.53
277,sa, C,Tim Duncan,3.6,7.2,.506,0.0,0.1,.000,1.6,2.1,0.74,3.6,7.1,.509,1.228,0.51
278,sa, PG,Patty Mills,3.1,7.1,.439,1.4,3.6,.380,0.4,0.4,0.81,1.7,3.5,.497,1.117,0.53
279,sa, SG,Danny Green,2.6,6.9,.370,1.5,4.3,.350,0.4,0.5,0.80,1.1,2.6,.405,1.018,0.48
280,sa, C,Boris Diaw,2.8,5.3,.532,0.4,1.0,.375,0.9,1.1,0.76,2.4,4.3,.568,1.295,0.57
281,sa, PF,David West,3.0,5.2,.576,0.0,0.1,.333,0.7,0.9,0.73,3.0,5.1,.579,1.286,0.58
282,sa, SG,Jonathon Simmons,2.2,4.2,.528,0.4,0.8,.429,1.2,1.6,0.78,1.8,3.4,.552,1.431,0.57
283,sa, C,Boban Marjanovic,2.0,3.4,.604,0.0,0.0,.000,1.7,2.3,0.74,2.0,3.4,.604,1.713,0.60
284,sa, SF,Kyle Anderson,1.6,3.1,.500,0.1,0.4,.353,0.8,1.1,0.71,1.5,2.7,.520,1.286,0.52
285,sa, PG,Ray McCallum,1.1,2.5,.434,0.2,0.6,.308,0.3,0.3,1.00,0.9,1.9,.475,1.057,0.47
286,sa, SF,Rasual Butler,1.0,2.2,.451,0.3,1.1,.314,0.3,0.3,0.73,0.7,1.1,.583,1.169,0.53
287,atl, PF,Paul Millsap,6.3,12.9,.488,0.8,2.6,.299,4.4,5.7,0.78,5.5,10.3,.536,1.379,0.52
288,atl, C,Al Horford,6.4,12.8,.502,1.0,2.9,.340,1.3,1.6,0.77,5.4,9.9,.551,1.181,0.54
289,atl, PG,Jeff Teague,5.1,11.9,.430,1.2,2.9,.401,3.4,4.0,0.86,3.9,9.0,.439,1.244,0.48
290,atl, SF,Kent Bazemore,4.6,10.0,.456,1.6,4.1,.391,1.8,2.1,0.82,3.0,5.9,.500,1.246,0.54
291,atl, PG,Dennis Schroder,4.0,9.8,.415,1.0,3.1,.325,1.6,2.1,0.80,3.0,6.7,.457,1.103,0.47
292,atl, SG,Kyle Korver,3.3,7.9,.421,1.9,5.1,.377,0.8,0.9,0.82,1.4,2.8,.500,1.179,0.54
293,atl, SF,Thabo Sefolosha,2.8,5.4,.513,0.5,1.7,.280,0.9,1.4,0.67,2.3,3.7,.621,1.284,0.56
294,atl, PF,Mike Scott,2.5,5.0,.498,0.8,2.1,.402,0.7,0.9,0.80,1.7,2.9,.566,1.308,0.58
295,atl, C,Tiago Splitter,2.3,4.3,.523,0.0,0.1,.000,1.1,1.3,0.81,2.3,4.2,.529,1.297,0.52
296,atl, SG,Tim Hardaway Jr.,1.5,4.1,.364,0.5,2.1,.250,0.7,0.8,0.93,1.0,2.0,.486,1.039,0.43
297,atl, PG,Shelvin Mack,1.6,3.9,.419,0.2,1.1,.160,0.4,0.5,0.73,1.4,2.8,.525,.977,0.44
298,atl, PF,Mike Muscala,1.3,2.8,.474,0.3,0.9,.300,0.5,0.6,0.85,1.0,1.9,.552,1.216,0.52
299,atl, SG,Justin Holiday,0.9,2.8,.324,0.4,1.8,.227,0.2,0.4,0.50,0.5,1.0,.481,.859,0.39
300,atl, SG,Lamar Patterson,0.8,2.3,.347,0.3,1.4,.239,0.5,0.7,0.73,0.5,0.9,.517,1.053,0.42
301,cha, PG,Kemba Walker,6.9,16.4,.423,1.8,5.0,.361,4.5,5.2,0.86,5.1,11.4,.450,1.228,0.48
302,cha, SF,Michael Kidd-Gilchrist,5.5,7.5,.733,1.0,1.0,1.000,4.0,7.0,0.57,4.5,6.5,.692,2.133,0.80
303,cha, SG,Nicolas Batum,5.0,12.3,.404,2.0,5.7,.345,2.7,3.2,0.84,3.0,6.6,.455,1.185,0.48
304,cha, C,Al Jefferson,5.6,11.7,.482,0.0,0.0,.000,1.3,2.2,0.57,5.6,11.7,.482,1.072,0.48
305,cha, PG,Jeremy Lin,4.1,9.8,.420,1.0,3.1,.317,3.1,3.8,0.80,3.1,6.7,.467,1.251,0.47
306,cha, SG,Jeremy Lamb,4.3,9.3,.469,1.0,3.2,.311,1.2,1.6,0.77,3.3,6.1,.552,1.179,0.52
307,cha, PF,Marvin Williams,3.5,8.5,.419,1.6,4.4,.370,1.4,1.6,0.87,1.9,4.1,.472,1.197,0.51
308,cha, C,Cody Zeller,3.2,6.5,.496,0.0,0.2,.000,2.6,3.5,0.74,3.2,6.3,.514,1.391,0.50
309,cha, C,Frank Kaminsky III,2.7,6.8,.397,0.8,2.5,.328,1.5,2.0,0.73,1.9,4.3,.436,1.131,0.46
310,cha, SF,P.J. Hairston,2.2,6.0,.360,1.2,3.7,.315,0.8,0.9,0.81,1.0,2.3,.433,1.040,0.46
311,cha, PF,Spencer Hawes,2.2,5.5,.398,0.7,1.9,.358,0.9,1.0,0.84,1.5,3.6,.420,1.082,0.46
312,cha, SG,Troy Daniels,2.0,4.4,.465,1.3,2.7,.500,0.2,0.3,0.50,0.7,1.7,.409,1.272,0.62
313,cha, PG,Brian Roberts,1.7,3.9,.431,0.3,0.9,.346,1.1,1.1,0.94,1.4,3.0,.458,1.220,0.47
314,cha, PF,Tyler Hansbrough,0.8,2.0,.411,0.1,0.1,.667,0.9,1.7,0.55,0.7,1.9,.396,1.321,0.43
315,mia, PF,Chris Bosh,6.7,14.2,.472,1.6,4.2,.377,4.1,5.1,0.80,5.1,10.0,.512,1.345,0.53
316,mia, SG,Dwyane Wade,7.2,15.8,.457,0.2,0.7,.226,4.1,5.3,0.77,7.0,15.1,.468,1.183,0.46
317,mia, C,Hassan Whiteside,5.1,8.4,.613,0.0,0.0,.000,2.0,3.7,0.54,5.1,8.4,.613,1.468,0.61
318,mia, PG,Goran Dragic,5.0,10.6,.468,0.9,2.8,.321,1.4,2.0,0.70,4.1,7.8,.521,1.151,0.51
319,mia, SF,Gerald Green,3.9,9.7,.404,1.5,4.5,.328,1.2,1.6,0.79,2.4,5.2,.469,1.087,0.48
320,mia, SF,Luol Deng,3.8,8.9,.428,1.3,3.5,.361,1.5,1.9,0.79,2.5,5.4,.471,1.168,0.50
321,mia, SG,Tyler Johnson,3.3,6.7,.488,0.8,1.9,.386,1.4,1.8,0.80,2.5,4.8,.529,1.298,0.54
322,mia, SF,Justise Winslow,2.2,5.3,.422,0.5,1.8,.271,0.9,1.3,0.71,1.7,3.5,.503,1.107,0.47
323,mia, PF,Amar'e Stoudemire,2.3,4.3,.533,0.0,0.0,.000,1.0,1.4,0.76,2.3,4.3,.533,1.311,0.53
324,mia, PG,Mario Chalmers,1.7,5.3,.313,0.2,1.8,.091,2.0,2.2,0.92,1.5,3.5,.429,1.031,0.33
325,mia, PG,Beno Udrih,1.7,3.9,.430,0.3,1.0,.345,0.3,0.3,0.90,1.4,2.9,.459,1.026,0.47
326,mia, PF,Josh McRoberts,1.1,2.9,.388,0.1,1.0,.130,0.8,1.1,0.73,1.0,1.9,.523,1.104,0.41
327,mia, SG,Josh Richardson,0.6,2.3,.259,0.2,1.1,.200,0.5,0.7,0.69,0.4,1.2,.310,.815,0.31
328,mia, PF,Chris Andersen,0.6,1.4,.400,0.3,0.7,.400,0.4,0.6,0.75,0.3,0.7,.400,1.300,0.50
329,mia, PF,Udonis Haslem,0.6,1.7,.349,0.0,0.3,.143,0.3,0.4,0.89,0.6,1.4,.389,.907,0.36
330,mia, PF,Jarnell Stokes,0.8,1.3,.600,0.0,0.0,.000,0.0,0.0,0.00,0.8,1.3,.600,1.200,0.60
331,orl, C,Nikola Vucevic,7.7,15.5,.497,0.0,0.1,.167,1.3,1.8,0.75,7.7,15.4,.500,1.082,0.50
332,orl, SG,Victor Oladipo,5.0,12.3,.404,1.3,3.9,.343,2.5,3.0,0.83,3.7,8.4,.431,1.115,0.46
333,orl, SG,Evan Fournier,4.8,11.0,.438,2.0,5.0,.390,2.0,2.5,0.82,2.8,6.0,.479,1.239,0.53
334,orl, SF,Tobias Harris,5.1,11.0,.463,1.0,3.1,.317,2.4,3.1,0.79,4.1,7.9,.520,1.237,0.51
335,orl, PG,Elfrid Payton,4.5,10.5,.426,0.4,1.1,.354,1.7,2.7,0.62,4.1,9.4,.434,1.051,0.44
336,orl, PF,Aaron Gordon,2.9,6.0,.491,0.5,1.5,.328,1.5,2.2,0.67,2.4,4.5,.543,1.309,0.53
337,orl, PF,Andrew Nicholson,2.5,5.6,.444,0.7,2.0,.348,0.7,0.9,0.78,1.8,3.6,.500,1.148,0.51
338,orl, PF,Jason Smith,2.6,5.3,.502,0.0,0.2,.200,0.5,0.6,0.88,2.6,5.1,.517,1.118,0.51
339,orl, PF,Channing Frye,1.9,4.3,.443,1.1,2.8,.409,0.5,0.5,0.90,0.8,1.5,.508,1.261,0.58
340,orl, SG,Mario Hezonja,1.8,4.1,.423,0.6,1.7,.368,0.7,0.7,0.94,1.2,2.4,.462,1.165,0.50
341,orl, PG,C.J. Watson,1.8,4.8,.368,0.6,2.0,.313,0.6,0.9,0.71,1.2,2.8,.409,1.000,0.43
342,orl, PG,Shabazz Napier,1.5,4.1,.358,0.7,2.0,.354,0.7,1.0,0.76,0.8,2.1,.361,1.068,0.44
343,orl, C,Dewayne Dedmon,1.2,2.3,.500,0.0,0.0,.000,0.8,1.1,0.70,1.2,2.3,.500,1.329,0.50
344,orl, PG,Keith Appling,0.5,1.8,.286,0.0,0.5,.000,0.5,0.5,1.00,0.5,1.3,.400,.857,0.29
345,wsh, PG,John Wall,7.3,17.2,.422,1.4,4.2,.330,3.5,4.5,0.78,5.9,13.0,.452,1.130,0.46
346,wsh, SG,Bradley Beal,6.8,15.0,.449,2.0,5.2,.395,2.6,3.3,0.77,4.8,9.8,.478,1.205,0.52
347,wsh, C,Marcin Gortat,5.7,10.5,.538,0.0,0.0,.000,2.2,2.9,0.74,5.7,10.5,.538,1.281,0.54
348,wsh, SF,Otto Porter Jr.,4.8,10.3,.466,1.2,3.7,.313,1.5,1.9,0.78,3.6,6.6,.552,1.186,0.52
349,wsh, PG,Ramon Sessions,3.3,7.0,.475,0.5,1.4,.344,3.1,3.9,0.78,2.8,5.6,.508,1.457,0.51
350,wsh, PG,Gary Neal,3.8,8.2,.470,1.1,2.5,.430,1.2,1.4,0.87,2.7,5.7,.488,1.225,0.54
351,wsh, SF,Jared Dudley,3.2,6.5,.483,1.5,3.2,.458,1.1,1.4,0.77,1.7,3.3,.507,1.357,0.60
352,wsh, C,Nene Hilario,3.6,6.4,.553,0.0,0.0,.000,1.5,2.8,0.54,3.6,6.4,.556,1.335,0.55
353,wsh, SG,Garrett Temple,3.0,7.4,.401,1.2,3.6,.333,1.4,1.9,0.73,1.8,3.8,.467,1.151,0.48
354,wsh, PF,Kris Humphries,2.4,5.8,.408,0.9,2.4,.348,1.1,1.1,0.94,1.5,3.4,.451,1.146,0.48
355,wsh, SF,Kelly Oubre Jr.,1.5,3.6,.408,0.5,1.5,.362,0.6,0.9,0.69,1.0,2.1,.440,1.134,0.48
356,wsh, PF,Drew Gooden,1.4,4.1,.329,0.4,1.7,.241,0.4,0.6,0.70,1.0,2.4,.390,.857,0.38
357,wsh, SG,Jarell Eddie,1.1,3.1,.351,1.0,2.6,.387,0.3,0.3,1.00,0.1,0.5,.167,1.135,0.51
358,wsh, C,DeJuan Blair,1.0,2.5,.418,0.0,0.0,.000,0.2,0.4,0.45,1.0,2.5,.424,.910,0.42
359,den, SF,Danilo Gallinari,5.5,13.2,.414,1.7,4.5,.368,6.8,7.7,0.87,3.8,8.7,.439,1.467,0.48
360,den, SF,Will Barton,5.7,12.7,.447,1.6,4.1,.386,2.7,3.1,0.86,4.1,8.6,.476,1.231,0.51
361,den, PF,Kenneth Faried,5.1,9.4,.542,0.0,0.0,.000,2.1,3.5,0.59,5.1,9.4,.543,1.306,0.54
362,den, SG,Gary Harris,4.3,9.2,.465,1.4,3.6,.386,1.3,1.6,0.81,2.9,5.6,.514,1.217,0.54
363,den, PG,Emmanuel Mudiay,4.1,12.3,.333,0.8,2.9,.265,2.1,3.2,0.66,3.3,9.4,.355,.900,0.36
364,den, C,Nikola Jokic,3.7,6.8,.548,0.3,0.7,.353,1.8,2.3,0.78,3.4,6.1,.571,1.399,0.57
365,den, C,Joffrey Lauvergne,3.3,6.6,.508,0.4,1.1,.414,0.9,1.0,0.89,2.9,5.5,.527,1.226,0.54
366,den, PG,Jameer Nelson,3.0,8.1,.369,1.1,3.8,.299,0.8,0.9,0.86,1.9,4.3,.432,.977,0.44
367,den, C,JJ Hickson,2.9,5.7,.505,0.0,0.0,.000,1.4,3.1,0.46,2.9,5.7,.505,1.257,0.50
368,den, PF,Darrell Arthur,3.0,6.6,.459,0.4,1.1,.360,0.6,0.7,0.81,2.6,5.5,.478,1.062,0.49
369,den, C,Jusuf Nurkic,2.3,6.9,.325,0.0,0.1,.000,1.8,3.1,0.59,2.3,6.8,.329,.916,0.33
370,den, SG,Randy Foye,2.2,6.3,.347,0.9,3.2,.290,0.8,1.0,0.83,1.3,3.1,.405,.968,0.42
371,den, SG,Sean Kilpatrick,1.0,2.6,.381,0.5,2.1,.235,0.9,1.0,0.88,0.5,0.5,1.000,1.286,0.48
372,den, SF,Kostas Papanikolaou,0.9,2.5,.364,0.4,1.2,.313,0.3,0.5,0.64,0.5,1.3,.412,1.015,0.44
373,den, SG,Mike Miller,0.4,1.3,.356,0.4,1.1,.359,0.0,0.0,0.00,0.0,0.2,.333,1.022,0.51
374,min, SG,Andrew Wiggins,7.3,16.5,.445,0.6,2.4,.239,5.3,7.2,0.74,6.7,14.1,.480,1.248,0.46
375,min, C,Karl-Anthony Towns,6.9,12.7,.540,0.3,0.9,.395,2.4,2.9,0.85,6.6,11.8,.551,1.299,0.55
376,min, PG,Zach LaVine,4.8,11.0,.440,1.0,3.0,.344,2.0,2.5,0.82,3.8,8.0,.476,1.161,0.49
377,min, SG,Kevin Martin,3.5,9.2,.375,1.0,2.8,.364,3.3,3.8,0.89,2.5,6.4,.379,1.223,0.43
378,min, SF,Shabazz Muhammad,3.6,7.8,.469,0.5,1.8,.293,2.0,2.6,0.76,3.1,6.0,.524,1.265,0.50
379,min, PG,Ricky Rubio,2.8,7.9,.353,0.6,2.2,.286,3.3,4.0,0.82,2.2,5.7,.379,1.199,0.39
380,min, C,Gorgui Dieng,3.3,6.3,.524,0.0,0.1,.167,2.2,2.7,0.83,3.3,6.2,.531,1.401,0.53
381,min, C,Nikola Pekovic,1.6,4.2,.380,0.0,0.0,.000,1.3,1.7,0.80,1.6,4.2,.380,1.080,0.38
382,min, PF,Nemanja Bjelica,1.5,3.7,.415,0.8,2.2,.354,0.6,0.9,0.66,0.7,1.5,.500,1.189,0.52
383,min, PG,Andre Miller,1.5,2.3,.627,0.0,0.1,.500,0.6,0.8,0.78,1.5,2.2,.633,1.549,0.64
384,min, SF,Tayshaun Prince,1.5,3.2,.475,0.1,0.3,.214,0.1,0.2,0.55,1.4,2.9,.500,1.006,0.48
385,min, PF,Kevin Garnett,1.4,3.0,.470,0.0,0.0,.000,0.4,0.6,0.67,1.4,3.0,.474,1.061,0.47
386,min, PG,Tyus Jones,1.2,3.4,.355,0.2,0.4,.500,0.3,0.6,0.60,1.0,3.0,.333,.871,0.39
387,min, PF,Adreian Payne,1.1,2.6,.415,0.3,0.7,.381,0.3,0.4,0.67,0.8,1.9,.426,1.024,0.46
388,okc, SF,Kevin Durant,9.3,18.3,.508,2.3,5.9,.384,6.3,7.1,0.89,7.0,12.4,.567,1.485,0.57
389,okc, PG,Russell Westbrook,8.5,18.6,.457,1.2,4.0,.289,5.8,7.1,0.81,7.3,14.6,.504,1.290,0.49
390,okc, PF,Serge Ibaka,5.5,11.2,.491,0.8,2.0,.386,1.2,1.5,0.76,4.7,9.2,.514,1.156,0.53
391,okc, C,Enes Kanter,4.7,8.5,.554,0.0,0.1,.333,2.4,3.1,0.80,4.7,8.4,.557,1.401,0.56
392,okc, SG,Dion Waiters,3.8,9.4,.404,1.1,3.0,.369,1.4,1.9,0.73,2.7,6.4,.420,1.071,0.46
393,okc, C,Steven Adams,2.8,4.8,.591,0.0,0.0,.000,1.5,2.4,0.61,2.8,4.8,.591,1.491,0.59
394,okc, SG,Anthony Morrow,2.0,4.8,.418,1.2,3.0,.412,0.4,0.5,0.81,0.8,1.8,.427,1.169,0.54
395,okc, PG,Cameron Payne,2.1,4.8,.443,0.8,2.0,.409,0.2,0.3,0.78,1.3,2.8,.467,1.101,0.53
396,okc, SG,Andre Roberson,2.0,4.1,.495,0.4,1.4,.274,0.5,0.8,0.61,1.6,2.7,.607,1.201,0.54
397,okc, PG,D.J. Augustin,1.4,3.6,.380,0.7,1.8,.393,0.8,1.0,0.76,0.7,1.8,.367,1.174,0.48
398,okc, SF,Kyle Singler,1.1,2.9,.372,0.4,1.3,.308,0.5,0.7,0.69,0.7,1.6,.426,1.044,0.44
399,okc, PF,Nick Collison,0.9,2.0,.446,0.0,0.0,.000,0.5,0.7,0.72,0.9,2.0,.457,1.145,0.45
400,okc, SF,Steve Novak,0.8,1.8,.444,0.6,1.2,.500,0.0,0.0,0.00,0.2,0.6,.333,1.222,0.61
401,por, PG,Damian Lillard,8.2,19.6,.420,2.9,7.9,.365,4.6,5.3,0.86,5.3,11.7,.458,1.223,0.49
402,por, SG,C.J. McCollum,8.1,18.3,.444,2.4,6.2,.391,2.2,2.8,0.80,5.7,12.1,.471,1.141,0.51
403,por, SG,Allen Crabbe,4.3,9.2,.471,1.4,3.8,.378,1.1,1.3,0.86,2.9,5.4,.535,1.213,0.55
404,por, SF,Al-Farouq Aminu,3.8,9.2,.412,1.5,4.2,.352,1.5,2.0,0.73,2.3,5.0,.462,1.145,0.49
405,por, C,Mason Plumlee,3.4,6.7,.508,0.0,0.0,.000,2.5,3.9,0.62,3.4,6.7,.511,1.384,0.51
406,por, PF,Meyers Leonard,3.5,7.8,.446,1.5,4.1,.354,0.6,0.8,0.76,2.0,3.7,.551,1.156,0.54
407,por, SG,Gerald Henderson,2.6,6.4,.405,0.7,1.8,.360,1.2,1.6,0.73,1.9,4.6,.423,1.098,0.46
408,por, C,Ed Davis,2.7,4.3,.622,0.0,0.0,.000,1.5,2.8,0.54,2.7,4.3,.622,1.598,0.62
409,por, SF,Maurice Harkless,1.9,4.1,.452,0.4,1.5,.264,0.7,1.2,0.59,1.5,2.6,.559,1.166,0.50
410,por, PF,Noah Vonleh,1.5,3.5,.429,0.1,0.5,.160,0.5,0.6,0.81,1.4,3.0,.473,1.029,0.44
411,por, C,Chris Kaman,1.3,3.5,.357,0.0,0.1,.000,0.0,0.0,0.00,1.3,3.4,.370,.714,0.36
412,por, SG,Luis Montero,0.7,1.9,.385,0.1,0.7,.200,0.3,0.3,1.00,0.6,1.2,.500,1.000,0.42
413,por, PG,Tim Frazier,0.6,1.8,.333,0.1,0.5,.188,0.3,0.4,0.62,0.5,1.3,.390,.860,0.36
414,por, PF,Cliff Alexander,0.7,1.4,.500,0.0,0.0,.000,0.0,0.0,0.00,0.7,1.4,.500,1.000,0.50
415,utah, SF,Gordon Hayward,6.6,15.0,.436,1.9,5.1,.370,4.9,6.0,0.82,4.7,9.9,.470,1.326,0.50
416,utah, PF,Derrick Favors,6.8,13.0,.522,0.0,0.0,.000,3.0,4.4,0.69,6.8,13.0,.523,1.278,0.52
417,utah, SG,Rodney Hood,5.0,11.8,.421,2.0,5.3,.368,2.5,2.8,0.89,3.0,6.5,.464,1.217,0.50
418,utah, SG,Alec Burks,4.8,11.6,.409,1.0,2.7,.387,3.8,5.0,0.75,3.8,8.9,.416,1.234,0.45
419,utah, PG,Trey Burke,4.8,11.3,.426,1.6,4.4,.354,1.1,1.4,0.78,3.2,6.9,.472,1.087,0.50
420,utah, C,Rudy Gobert,3.7,6.2,.589,0.0,0.0,.000,2.5,4.1,0.60,3.7,6.2,.589,1.577,0.59
421,utah, PG,Raul Neto,2.3,5.4,.418,0.8,2.1,.388,0.5,0.7,0.71,1.5,3.3,.437,1.076,0.49
422,utah, PF,Trevor Booker,2.3,5.1,.446,0.1,0.5,.261,1.0,1.4,0.72,2.2,4.6,.466,1.108,0.46
423,utah, C,Jeff Withey,1.9,3.5,.545,0.0,0.0,.000,1.0,1.4,0.72,1.9,3.5,.550,1.379,0.55
424,utah, PF,Trey Lyles,1.8,4.4,.419,0.4,1.0,.432,0.6,0.9,0.61,1.4,3.4,.416,1.061,0.47
425,utah, SF,Joe Ingles,1.5,3.6,.422,0.9,2.5,.377,0.1,0.1,0.83,0.6,1.1,.519,1.133,0.55
426,utah, PG,Erick Green,2.0,2.0,1.000,0.0,0.0,.000,0.0,0.0,0.00,2.0,2.0,1.000,2.000,1.00
427,utah, SF,Chris Johnson,1.0,2.7,.375,0.4,1.3,.286,0.5,0.7,0.77,0.6,1.4,.455,1.077,0.44
428,utah, C,Tibor Pleiss,0.9,2.1,.440,0.0,0.2,.000,0.2,0.2,1.00,0.9,1.9,.478,.960,0.44
429,utah, SG,Elijah Millsap,0.6,2.0,.282,0.1,0.6,.083,0.7,0.9,0.72,0.5,1.4,.370,.923,0.29
