,TEAM,POS,PLAYER,GP,G,A,PTS,+/-,PIM,ATOI,PPG,PPA,SHG,SHA,SOG,SPCT
0,chi, RW,Patrick Kane,54,30,44,74,22,24,20:40,14,11,0,0,191,15.7
1,chi, LW,Artemi Panarin,54,18,29,47,7,18,18:44,2,10,0,0,124,14.5
2,chi, C ,Jonathan Toews,53,19,16,35,13,38,19:42,4,1,2,1,125,15.2
3,chi, D ,Duncan Keith,44,7,24,31,12,10,25:25,3,8,0,1,77,9.1
4,chi, D ,Brent Seabrook,54,7,24,31,7,22,23:12,3,11,0,0,109,6.4
5,chi, C ,Artem Anisimov,53,17,10,27,4,8,18:17,3,2,2,0,84,20.2
6,chi, RW,Marian Hossa,49,8,17,25,10,16,17:35,2,7,0,0,149,5.4
7,chi, C ,Andrew Shaw,54,9,16,25,10,41,14:39,2,3,0,0,100,9.0
8,chi, LW,Teuvo Teravainen,50,9,13,22,6,10,15:01,1,4,0,1,87,10.3
9,chi, D ,Niklas Hjalmarsson,54,2,12,14,8,24,22:23,0,1,0,0,60,3.3
10,chi, D ,Erik Gustafsson,21,0,8,8,9,0,16:19,0,0,0,0,26,0.0
11,chi, LW,Dennis Rasmussen,27,3,4,7,5,4,9:05,0,0,0,0,28,10.7
12,chi, C ,Andrew Desjardins,49,6,1,7,-8,22,13:18,0,0,0,0,68,8.8
13,chi, D ,Trevor Daley,29,0,6,6,1,8,14:46,0,2,0,0,43,0.0
14,chi, D ,Trevor van Riemsdyk,54,2,4,6,-6,17,19:50,0,1,0,0,54,3.7
15,chi, LW,Ryan Garbutt,43,2,4,6,-7,27,10:20,0,0,0,0,83,2.4
16,chi, LW,Phillip Danault,21,1,4,5,0,0,13:13,0,0,0,0,34,2.9
17,chi, RW,Richard Panik,9,3,1,4,1,0,9:43,0,0,0,0,11,27.3
18,chi, D ,Michal Rozsival,28,0,4,4,3,8,14:51,0,0,0,0,23,0.0
19,chi, C ,Tanner Kero,17,1,2,3,-2,2,12:18,0,0,0,0,26,3.8
20,chi, D ,Viktor Svedberg,16,1,2,3,0,2,17:00,0,0,0,0,26,3.8
21,chi, C ,Marko Dano,13,1,1,2,0,2,9:41,0,0,0,0,15,6.7
22,chi, LW,Bryan Bickell,23,0,2,2,-4,2,9:45,0,0,0,0,21,0.0
23,chi, D ,David Rundblad,9,0,2,2,-2,6,14:22,0,2,0,0,13,0.0
24,chi, LW,Brandon Mashinter,22,2,0,2,-2,14,6:50,0,0,0,0,11,18.2
25,chi, C ,Marcus Kruger,33,0,1,1,-5,20,13:17,0,0,0,0,39,0.0
26,chi, RW,Ryan Hartman,3,0,1,1,-1,0,9:14,0,0,0,0,3,0.0
27,chi, C ,Vincent Hinostroza,4,0,0,0,0,2,8:47,0,0,0,0,4,0.0
28,chi, RW,Kyle Baun,2,0,0,0,-2,0,9:03,0,0,0,0,1,0.0
29,chi, LW,Jiri Sekac,2,0,0,0,-1,0,9:42,0,0,0,0,2,0.0
30,chi, LW,Viktor Tikhonov,11,0,0,0,-4,6,10:17,0,0,0,0,11,0.0
31,col, C ,Matt Duchene,53,23,19,42,-2,12,18:58,6,6,0,0,151,15.2
32,col, C ,Nathan MacKinnon,53,18,23,41,2,18,19:19,6,9,0,1,174,10.3
33,col, LW,Gabriel Landeskog,49,14,22,36,-3,48,18:46,3,7,1,1,110,12.7
34,col, C ,Carl Soderberg,53,10,26,36,0,22,18:17,3,9,1,1,111,9.0
35,col, D ,Tyson Barrie,49,8,25,33,-5,16,23:21,3,12,1,1,104,7.7
36,col, RW,Jarome Iginla,53,13,12,25,-17,25,15:53,7,4,0,0,114,11.4
37,col, D ,Francois Beauchemin,53,6,18,24,2,22,25:09,2,7,0,1,81,7.4
38,col, LW,Blake Comeau,52,6,16,22,1,30,17:17,1,3,2,0,76,7.9
39,col, LW,Alex Tanguay,41,3,16,19,4,22,16:39,0,5,0,1,38,7.9
40,col, D ,Erik Johnson,44,7,11,18,0,31,23:25,3,2,1,1,104,6.7
41,col, D ,Nick Holden,53,3,15,18,7,16,22:04,0,1,0,0,68,4.4
42,col, C ,John Mitchell,42,8,6,14,1,36,15:32,0,1,0,0,60,13.3
43,col, C ,Mikhail Grigorenko,45,3,11,14,6,4,11:11,0,1,0,0,40,7.5
44,col, RW,Jack Skille,53,7,5,12,1,9,8:58,0,0,0,0,74,9.5
45,col, LW,Cody McLeod,53,7,4,11,7,96,11:18,1,0,0,0,51,13.7
46,col, C ,Andreas Martinsen,36,2,6,8,1,24,11:31,0,0,0,0,39,5.1
47,col, D ,Zach Redmond,27,1,3,4,4,6,12:17,0,0,0,0,12,8.3
48,col, RW,Chris Wagner,20,4,0,4,-1,9,8:16,0,0,0,0,22,18.2
49,col, D ,Nikita Zadorov,16,0,2,2,-7,10,17:11,0,0,0,0,12,0.0
50,col, D ,Chris Bigras,9,0,1,1,2,6,12:33,0,0,0,0,4,0.0
51,col, D ,Brandon Gormley,26,0,1,1,-3,8,12:11,0,0,0,0,11,0.0
52,col, RW,Ben Street,7,0,0,0,-1,4,7:21,0,0,0,0,8,0.0
53,col, LW,Andrew Agozzino,2,0,0,0,0,0,9:23,0,0,0,0,1,0.0
54,col, D ,Andrew Bodnarchuk,6,0,0,0,-2,0,12:54,0,0,0,0,0,0.0
55,col, D ,Nate Guenin,29,0,0,0,2,2,13:04,0,0,0,0,10,0.0
56,col, D ,Brad Stuart,6,0,0,0,-2,0,14:00,0,0,0,0,0,0.0
57,col, RW,Borna Rendulic,3,0,0,0,-2,0,7:32,0,0,0,0,1,0.0
58,dal, LW,Jamie Benn,51,28,30,58,17,45,20:05,12,4,2,2,163,17.2
59,dal, C ,Tyler Seguin,51,27,28,55,14,12,19:29,5,10,0,0,195,13.8
60,dal, D ,John Klingberg,51,7,35,42,15,20,23:16,2,12,0,0,106,6.6
61,dal, LW,Patrick Sharp,51,16,24,40,2,17,18:02,5,10,0,0,159,10.1
62,dal, C ,Jason Spezza,51,17,22,39,5,20,16:50,2,11,0,0,135,12.6
63,dal, D ,Alex Goligoski,51,3,19,22,20,24,23:41,1,3,0,0,82,3.7
64,dal, C ,Cody Eakin,51,10,12,22,1,18,16:21,1,1,2,1,91,11.0
65,dal, C ,Mattias Janmark,51,10,9,19,13,12,14:20,0,1,1,0,83,12.0
66,dal, RW,Valeri Nichushkin,48,6,12,18,8,8,13:50,1,0,0,0,78,7.7
67,dal, LW,Antoine Roussel,49,8,10,18,6,69,13:24,0,1,0,1,55,14.5
68,dal, D ,Jason Demers,45,5,12,17,16,50,20:50,2,2,1,0,71,7.0
69,dal, RW,Ales Hemsky,44,5,12,17,0,6,12:34,1,3,0,0,85,5.9
70,dal, C ,Vernon Fiddler,51,7,9,16,1,16,11:51,1,1,0,2,61,11.5
71,dal, D ,Johnny Oduya,51,4,11,15,15,16,20:09,0,0,1,0,48,8.3
72,dal, C ,Colton Sceviour,46,5,7,12,5,10,12:45,0,2,0,0,76,6.6
73,dal, D ,Jordie Benn,43,1,8,9,2,8,15:57,0,0,0,1,35,2.9
74,dal, D ,Jyrki Jokipakka,38,2,4,6,3,6,14:41,0,0,0,0,24,8.3
75,dal, RW,Patrick Eaves,31,3,1,4,-1,8,11:34,1,1,0,0,42,7.1
76,dal, C ,Radek Faksa,18,1,2,3,1,10,11:19,0,0,0,0,23,4.3
77,dal, LW,Travis Moen,15,0,2,2,-4,19,7:56,0,0,0,1,9,0.0
78,dal, D ,Jamie Oleksiak,12,0,2,2,-3,21,13:16,0,0,0,0,10,0.0
79,dal, D ,Patrik Nemeth,11,0,1,1,-5,4,15:42,0,0,0,0,8,0.0
80,dal, D ,Esa Lindell,4,0,0,0,-3,0,14:03,0,0,0,0,2,0.0
81,min, C ,Mikko Koivu,50,10,25,35,2,14,19:37,4,6,1,1,84,11.9
82,min, D ,Ryan Suter,50,6,25,31,10,16,28:29,2,8,1,1,129,4.7
83,min, LW,Thomas Vanek,50,14,15,29,-4,16,16:17,4,5,0,0,99,14.1
84,min, LW,Zach Parise,41,17,11,28,-6,16,19:10,5,4,0,0,147,11.6
85,min, C ,Charlie Coyle,50,14,12,26,8,12,16:01,1,2,0,1,90,15.6
86,min, C ,Mikael Granlund,50,4,21,25,-5,18,19:00,0,6,0,0,89,4.5
87,min, RW,Nino Niederreiter,50,9,15,24,4,18,15:46,1,2,0,0,92,9.8
88,min, D ,Jared Spurgeon,50,6,15,21,5,12,22:55,2,5,0,3,75,8.0
89,min, RW,Jason Pominville,50,6,15,21,1,6,17:07,1,5,0,0,125,4.8
90,min, LW,Jason Zucker,50,11,9,20,3,12,16:39,0,2,0,1,124,8.9
91,min, D ,Marco Scandella,43,5,9,14,8,14,20:26,2,1,0,1,73,6.8
92,min, D ,Matt Dumba,50,5,8,13,-8,14,15:54,3,3,0,0,91,5.5
93,min, LW,Erik Haula,44,4,7,11,6,12,10:50,0,0,2,1,39,10.3
94,min, RW,Justin Fontaine,31,2,7,9,8,14,11:53,0,0,0,1,23,8.7
95,min, C ,Ryan Carter,40,4,2,6,-1,36,11:12,0,0,1,0,39,10.3
96,min, D ,Jonas Brodin,49,1,5,6,-4,16,20:26,0,0,0,0,43,2.3
97,min, LW,Chris Porter,47,3,2,5,-2,6,9:44,0,0,0,0,31,9.7
98,min, C ,Jarret Stoll,21,2,2,4,0,8,11:52,0,0,0,0,12,16.7
99,min, D ,Nate Prosser,38,0,2,2,5,26,10:25,0,0,0,0,14,0.0
100,min, D ,Christian Folin,14,0,2,2,1,9,13:11,0,0,0,0,5,0.0
101,min, C ,Jordan Schroeder,13,1,0,1,0,0,8:50,0,0,0,0,11,9.1
102,min, LW,Michael Keranen,1,0,0,0,-1,0,6:09,0,0,0,0,0,0.0
103,min, RW,Brett Bulmer,3,0,0,0,-1,7,6:43,0,0,0,0,2,0.0
104,min, D ,Tyson Strachan,2,0,0,0,1,0,7:33,0,0,0,0,0,0.0
105,min, D ,Gustav Olofsson,2,0,0,0,0,0,9:12,0,0,0,0,1,0.0
106,min, RW,Kurtis Gabriel,3,0,0,0,1,10,4:30,0,0,0,0,1,0.0
107,min, C ,Christoph Bertschy,3,0,0,0,0,0,6:57,0,0,0,0,3,0.0
108,nsh, D ,Roman Josi,51,10,25,35,-3,29,25:02,6,11,1,0,118,8.5
109,nsh, D ,Shea Weber,51,12,19,31,-6,10,24:55,9,9,0,0,121,9.9
110,nsh, LW,James Neal,51,18,12,30,15,59,19:16,3,6,0,0,160,11.3
111,nsh, C ,Mike Ribeiro,51,6,24,30,4,48,17:45,1,7,0,0,47,12.8
112,nsh, C ,Filip Forsberg,51,14,16,30,-6,28,19:20,3,10,0,0,148,9.5
113,nsh, D ,Mattias Ekholm,51,6,16,22,1,28,18:57,1,2,1,1,64,9.4
114,nsh, D ,Ryan Ellis,50,6,15,21,2,22,20:03,1,4,0,0,98,6.1
115,nsh, C ,Craig Smith,51,11,6,17,-1,22,15:03,1,0,0,0,135,8.1
116,nsh, C ,Colin Wilson,36,4,12,16,0,14,15:38,1,0,0,0,75,5.3
117,nsh, C ,Calle Jarnkrok,50,7,7,14,-3,10,15:50,2,1,0,0,75,9.3
118,nsh, C ,Mike Fisher,40,7,5,12,-9,23,17:50,2,1,0,1,53,13.2
119,nsh, D ,Seth Jones,40,1,10,11,-5,10,19:39,0,4,0,0,74,1.4
120,nsh, C ,Ryan Johansen,11,3,7,10,1,12,18:53,3,3,0,0,32,9.4
121,nsh, C ,Cody Hodgson,39,3,5,8,2,6,10:44,0,1,0,0,65,4.6
122,nsh, LW,Eric Nystrom,40,7,0,7,-6,16,11:38,0,0,1,0,23,30.4
123,nsh, C ,Paul Gaustad,42,1,4,5,-5,25,11:38,0,0,1,1,35,2.9
124,nsh, LW,Austin Watson,36,2,3,5,-8,11,10:08,0,0,0,0,39,5.1
125,nsh, LW,Miikka Salomaki,33,2,3,5,1,16,11:49,0,0,0,1,36,5.6
126,nsh, RW,Viktor Arvidsson,25,3,2,5,-4,29,12:01,0,0,0,0,51,5.9
127,nsh, LW,Gabriel Bourque,22,1,3,4,0,18,12:22,0,0,0,0,25,4.0
128,nsh, D ,Barret Jackman,50,1,2,3,1,60,14:10,0,0,0,0,44,2.3
129,nsh, C ,Colton Sissons,19,1,1,2,7,5,10:20,0,0,0,0,12,8.3
130,nsh, D ,Petter Granberg,6,0,1,1,1,0,12:57,0,0,0,0,3,0.0
131,nsh, C ,Kevin Fiala,5,1,0,1,0,0,13:09,0,0,0,0,11,9.1
132,nsh, D ,Anthony Bitetto,6,0,0,0,-1,2,12:33,0,0,0,0,2,0.0
133,stl, RW,Vladimir Tarasenko,51,25,21,46,-1,31,18:58,8,7,0,0,184,13.6
134,stl, LW,Alexander Steen,53,15,27,42,2,38,20:55,2,14,1,0,141,10.6
135,stl, C ,David Backes,53,12,16,28,1,49,19:23,4,4,0,0,98,12.2
136,stl, D ,Kevin Shattenkirk,43,9,18,27,-10,30,22:02,4,11,0,1,114,7.9
137,stl, C ,Paul Stastny,35,5,18,23,-3,12,19:18,2,5,0,0,61,8.2
138,stl, D ,Alex Pietrangelo,53,3,19,22,-5,14,26:45,1,3,0,0,136,2.2
139,stl, RW,Troy Brouwer,53,10,11,21,0,38,17:19,1,2,0,0,91,11.0
140,stl, C ,Jori Lehtera,53,6,15,21,7,26,16:03,0,3,0,0,59,10.2
141,stl, D ,Colton Parayko,50,6,13,19,18,20,19:07,2,2,0,0,106,5.7
142,stl, C ,Robby Fabbri,47,11,8,19,3,4,13:05,0,1,0,0,69,15.9
143,stl, D ,Jay Bouwmeester,49,1,11,12,-1,16,23:14,1,0,0,0,69,1.4
144,stl, RW,Dmitrij Jaskin,47,3,7,10,0,22,11:59,0,0,0,0,68,4.4
145,stl, C ,Scott Gomez,21,1,7,8,-4,4,11:15,0,4,0,0,10,10.0
146,stl, RW,Scottie Upshall,41,5,1,6,1,16,11:05,0,0,0,0,62,8.1
147,stl, C ,Patrik Berglund,13,3,3,6,0,8,15:59,2,0,0,0,20,15.0
148,stl, D ,Joel Edmundson,38,0,6,6,-4,30,14:18,0,0,0,0,53,0.0
149,stl, RW,Ty Rattie,11,3,2,5,2,4,9:33,0,0,0,0,14,21.4
150,stl, LW,Magnus Paajarvi,33,2,3,5,-3,6,13:17,0,0,0,0,58,3.4
151,stl, D ,Carl Gunnarsson,47,1,4,5,9,23,17:20,1,0,0,0,37,2.7
152,stl, LW,Jaden Schwartz,7,0,4,4,4,2,17:25,0,0,0,0,15,0.0
153,stl, C ,Kyle Brodziak,47,2,1,3,-7,27,11:11,0,0,0,0,27,7.4
154,stl, C ,Steve Ott,21,0,2,2,-3,34,10:55,0,0,0,0,21,0.0
155,stl, RW,Ryan Reaves,42,2,0,2,-7,25,8:18,0,0,0,0,19,10.5
156,stl, D ,Robert Bortuzzo,24,1,0,1,0,42,12:35,0,0,0,0,28,3.6
157,stl, RW,Martin Havlat,2,1,0,1,0,0,10:54,0,0,0,0,3,33.3
158,stl, D ,Andre Benoit,2,0,0,0,1,0,13:35,0,0,0,0,0,0.0
159,stl, D ,Chris Butler,5,0,0,0,-1,4,11:30,0,0,0,0,4,0.0
160,stl, LW,Jordan Caron,4,0,0,0,-3,0,8:08,0,0,0,0,1,0.0
161,wpg, RW,Blake Wheeler,50,13,35,48,-2,22,19:33,2,11,2,2,141,9.2
162,wpg, C ,Bryan Little,50,15,23,38,-12,10,19:45,2,9,2,0,112,13.4
163,wpg, C ,Mathieu Perreault,49,7,24,31,-4,24,16:29,5,6,0,0,90,7.8
164,wpg, D ,Dustin Byfuglien,50,15,15,30,6,68,24:16,3,7,1,0,158,9.5
165,wpg, LW,Andrew Ladd,50,11,17,28,-8,30,19:32,5,2,0,0,118,9.3
166,wpg, RW,Drew Stafford,47,14,11,25,-11,14,18:08,4,3,1,2,112,12.5
167,wpg, C ,Mark Scheifele,39,12,13,25,12,18,17:15,1,3,0,0,105,11.4
168,wpg, LW,Nikolaj Ehlers,50,12,11,23,-1,12,14:43,3,3,0,0,121,9.9
169,wpg, D ,Tyler Myers,50,5,14,19,1,55,22:24,0,2,0,1,94,5.3
170,wpg, LW,Adam Lowry,42,4,7,11,-5,28,13:56,0,0,0,0,39,10.3
171,wpg, D ,Jacob Trouba,50,4,7,11,5,56,21:39,0,1,1,1,79,5.1
172,wpg, C ,Alexander Burmistrov,49,4,6,10,-2,24,15:50,0,0,0,1,59,6.8
173,wpg, D ,Tobias Enstrom,50,1,9,10,12,36,19:45,0,1,0,0,36,2.8
174,wpg, RW,Chris Thorburn,50,5,3,8,1,57,10:01,0,0,1,0,45,11.1
175,wpg, D ,Ben Chiarot,38,1,4,5,-5,24,13:14,0,0,0,0,36,2.8
176,wpg, RW,Anthony Peluso,27,1,3,4,4,38,6:38,0,0,0,0,13,7.7
177,wpg, C ,Andrew Copp,46,1,3,4,4,4,7:06,0,0,0,0,25,4.0
178,wpg, RW,Joel Armia,19,2,1,3,2,6,10:16,0,0,0,0,16,12.5
179,wpg, D ,Mark Stuart,50,1,2,3,-6,58,15:54,0,0,0,1,29,3.4
180,wpg, D ,Adam Pardy,11,0,1,1,-1,6,13:16,0,0,0,1,7,0.0
181,wpg, C ,Nic Petan,14,1,0,1,-2,6,9:31,0,0,0,0,7,14.3
182,wpg, RW,J.C. Lipon,2,0,0,0,0,0,6:21,0,0,0,0,0,0.0
183,wpg, D ,Paul Postma,2,0,0,0,-2,0,9:09,0,0,0,0,3,0.0
184,ana, RW,Corey Perry,48,20,14,34,-2,37,17:42,6,6,0,0,134,14.9
185,ana, C ,Ryan Getzlaf,44,3,29,32,2,40,18:59,2,8,0,1,87,3.4
186,ana, C ,Rickard Rakell,45,11,13,24,0,10,15:57,1,3,0,0,110,10.0
187,ana, D ,Sami Vatanen,48,6,17,23,-1,18,21:40,1,6,0,0,97,6.2
188,ana, C ,Ryan Kesler,48,11,12,23,-9,56,19:38,4,5,0,0,112,9.8
189,ana, LW,Jakob Silfverberg,48,6,11,17,-4,18,17:07,0,2,0,0,124,4.8
190,ana, RW,Chris Stewart,42,7,8,15,-1,50,10:44,1,2,0,0,60,11.7
191,ana, C ,Andrew Cogliano,48,4,11,15,-11,12,14:26,0,0,1,1,73,5.5
192,ana, D ,Cam Fowler,35,3,9,12,-11,15,22:34,1,5,0,0,59,5.1
193,ana, LW,Carl Hagelin,43,4,8,12,-10,14,15:00,0,0,0,0,82,4.9
194,ana, D ,Hampus Lindholm,47,4,8,12,-6,14,22:25,2,4,1,0,89,4.5
195,ana, C ,Shawn Horcoff,45,6,4,10,-1,30,13:38,0,0,1,1,65,9.2
196,ana, C ,Mike Santorelli,43,5,4,9,-7,6,10:17,1,2,0,0,49,10.2
197,ana, D ,Kevin Bieksa,48,2,7,9,-8,61,22:04,1,2,0,0,69,2.9
198,ana, LW,Patrick Maroon,43,1,7,8,-10,45,11:12,1,1,0,0,50,2.0
199,ana, D ,Shea Theodore,13,2,4,6,3,0,18:31,2,0,0,0,25,8.0
200,ana, D ,Josh Manson,38,2,3,5,4,39,18:17,0,0,0,0,47,4.3
201,ana, LW,David Perron,5,2,3,5,4,8,15:54,0,0,0,0,10,20.0
202,ana, D ,Clayton Stoner,35,1,3,4,-1,48,15:10,0,0,0,1,19,5.3
203,ana, C ,Nate Thompson,20,0,3,3,1,19,11:15,0,0,0,0,17,0.0
204,ana, LW,Jiri Sekac,22,1,2,3,0,4,12:11,1,1,0,0,29,3.4
205,ana, LW,Ryan Garbutt,3,1,1,2,0,0,7:32,0,0,0,0,2,50.0
206,ana, LW,Nick Ritchie,11,0,1,1,-1,4,13:01,0,0,0,0,19,0.0
207,ana, D ,Korbinian Holzer,18,0,1,1,-2,6,13:58,0,0,0,0,10,0.0
208,ana, D ,Simon Despres,6,0,0,0,-3,2,18:11,0,0,0,0,5,0.0
209,ana, RW,Tim Jackman,2,0,0,0,-2,4,5:44,0,0,0,0,1,0.0
210,ari, LW,Mikkel Boedker,50,12,22,34,-20,6,18:58,2,14,0,0,126,9.5
211,ari, D ,Oliver Ekman-Larsson,50,14,20,34,-4,50,25:26,8,8,0,0,153,9.2
212,ari, C ,Max Domi,50,13,20,33,0,23,16:14,3,7,0,0,89,14.6
213,ari, C ,Tobias Rieder,50,10,20,30,-8,10,18:00,1,6,0,1,133,7.5
214,ari, RW,Shane Doan,41,17,10,27,1,56,17:38,8,2,0,0,98,17.3
215,ari, LW,Anthony Duclair,49,14,12,26,7,26,14:12,3,3,0,0,64,21.9
216,ari, C ,Martin Hanzal,37,6,17,23,-2,32,17:54,0,4,0,0,74,8.1
217,ari, C ,Antoine Vermette,44,8,12,20,-13,38,17:12,4,5,1,0,70,11.4
218,ari, C ,Brad Richardson,50,5,15,20,9,30,15:28,0,0,0,0,70,7.1
219,ari, D ,Michael Stone,50,3,16,19,-10,38,21:54,0,8,0,0,104,2.9
220,ari, LW,Jordan Martinook,49,6,11,17,0,8,15:22,0,1,0,0,60,10.0
221,ari, D ,Connor Murphy,46,4,7,11,8,30,19:40,1,1,0,0,44,9.1
222,ari, C ,Kyle Chipchura,49,4,6,10,-8,27,10:59,0,1,0,0,33,12.1
223,ari, D ,Nicklas Grossmann,41,3,4,7,-2,12,18:20,0,0,0,0,29,10.3
224,ari, RW,Steve Downie,25,3,3,6,2,53,9:06,0,0,0,0,21,14.3
225,ari, D ,Stefan Elliott,19,2,4,6,-2,4,14:14,0,0,0,0,35,5.7
226,ari, D ,Klas Dahlbeck,44,2,3,5,1,20,15:59,0,0,0,0,36,5.6
227,ari, D ,Zbynek Michalek,40,2,2,4,2,14,16:28,0,0,0,0,40,5.0
228,ari, LW,Viktor Tikhonov,21,2,1,3,-4,8,12:27,2,0,0,0,15,13.3
229,ari, C ,Boyd Gordon,46,0,2,2,-5,6,11:57,0,0,0,0,31,0.0
230,ari, C ,Dustin Jeffrey,7,1,1,2,2,2,11:24,0,0,0,0,5,20.0
231,ari, LW,Craig Cunningham,9,0,1,1,-1,2,9:58,0,0,0,0,11,0.0
232,ari, C ,Laurent Dauphin,3,1,0,1,2,4,9:20,0,0,0,0,5,20.0
233,ari, C ,Tyler Gaudet,5,0,1,1,-2,0,12:37,0,0,0,0,2,0.0
234,ari, LW,John Scott,11,0,1,1,0,25,6:18,0,0,0,0,6,0.0
235,ari, C ,Joe Vitale,1,0,0,0,1,5,6:13,0,0,0,0,1,0.0
236,ari, D ,Kevin Connauton,6,0,0,0,-5,4,15:50,0,0,0,0,5,0.0
237,ari, D ,Jarred Tinordi,3,0,0,0,1,5,14:35,0,0,0,0,2,0.0
238,cgy, LW,Johnny Gaudreau,48,20,27,47,4,10,20:14,3,8,0,0,130,15.4
239,cgy, D ,Mark Giordano,48,11,20,31,-6,26,24:27,3,4,0,0,117,9.4
240,cgy, C ,Sean Monahan,48,14,15,29,-5,10,19:39,3,3,0,0,113,12.4
241,cgy, D ,T.J. Brodie,39,4,21,25,7,12,25:27,1,4,0,1,49,8.2
242,cgy, LW,Jiri Hudler,41,6,18,24,-7,13,16:26,1,4,0,0,63,9.5
243,cgy, C ,Mikael Backlund,48,5,17,22,3,12,15:37,0,5,0,0,90,5.6
244,cgy, C ,Sam Bennett,47,13,9,22,0,15,15:18,3,1,0,0,86,15.1
245,cgy, D ,Dougie Hamilton,48,6,13,19,-6,20,19:03,2,4,0,0,97,6.2
246,cgy, D ,Dennis Wideman,48,2,17,19,-9,30,21:03,2,6,0,0,75,2.7
247,cgy, RW,Michael Frolik,36,8,10,18,-2,8,15:48,0,0,0,0,88,9.1
248,cgy, C ,Joe Colborne,40,7,11,18,-7,15,15:32,0,0,0,0,53,13.2
249,cgy, D ,Kris Russell,45,3,11,14,-7,6,22:47,1,0,0,0,52,5.8
250,cgy, RW,David Jones,48,8,6,14,-6,8,12:58,1,0,0,0,62,12.9
251,cgy, C ,Matt Stajan,48,4,5,9,-2,22,13:19,0,0,1,0,33,12.1
252,cgy, LW,Micheal Ferland,37,2,6,8,-6,19,12:12,1,0,0,0,65,3.1
253,cgy, C ,Josh Jooris,31,3,4,7,-2,25,11:37,0,0,0,0,40,7.5
254,cgy, C ,Markus Granlund,27,3,2,5,0,6,12:55,0,0,0,1,33,9.1
255,cgy, LW,Mason Raymond,29,4,1,5,-3,8,12:20,0,0,0,0,53,7.5
256,cgy, D ,Deryk Engelland,40,0,4,4,4,26,12:09,0,0,0,0,34,0.0
257,cgy, LW,Brandon Bollig,25,1,1,2,-5,56,8:45,0,0,0,0,27,3.7
258,cgy, LW,Lance Bouma,14,1,0,1,-2,0,11:33,0,0,0,0,15,6.7
259,cgy, C ,Derek Grant,9,0,0,0,-3,0,9:15,0,0,0,0,10,0.0
260,edm, LW,Taylor Hall,51,18,31,49,3,34,19:57,3,6,0,0,192,9.4
261,edm, C ,Leon Draisaitl,41,13,25,38,5,10,18:49,2,4,0,0,81,16.0
262,edm, C ,Ryan Nugent-Hopkins,46,8,22,30,-8,14,19:50,2,7,0,0,85,9.4
263,edm, RW,Teddy Purcell,51,11,18,29,-5,8,17:27,2,3,0,0,113,9.7
264,edm, RW,Jordan Eberle,38,12,12,24,-10,2,18:24,4,2,0,0,79,15.2
265,edm, LW,Benoit Pouliot,42,11,13,24,-8,24,16:09,4,3,0,0,87,12.6
266,edm, D ,Andrej Sekera,50,5,13,18,-14,8,21:31,1,6,0,1,88,5.7
267,edm, C ,Connor McDavid,14,6,9,15,-3,6,17:55,2,3,0,0,28,21.4
268,edm, RW,Nail Yakupov,29,4,10,14,-5,12,14:36,1,2,0,0,65,6.2
269,edm, C ,Mark Letestu,51,7,7,14,-12,2,16:03,1,5,2,0,73,9.6
270,edm, LW,Lauri Korpikoski,40,6,6,12,-7,6,14:21,2,0,0,0,55,10.9
271,edm, D ,Oscar Klefbom,30,4,8,12,-4,6,21:53,0,3,0,0,48,8.3
272,edm, D ,Justin Schultz,36,3,6,9,-13,10,20:16,1,4,0,0,47,6.4
273,edm, D ,Darnell Nurse,42,2,6,8,-8,23,21:05,0,1,0,1,74,2.7
274,edm, RW,Iiro Pakarinen,40,4,3,7,-7,4,10:06,0,1,0,0,43,9.3
275,edm, C ,Matt Hendricks,38,2,5,7,2,51,14:21,0,0,0,1,41,4.9
276,edm, D ,Brandon Davidson,34,2,3,5,3,18,17:55,1,0,0,0,40,5.0
277,edm, D ,Eric Gryba,46,1,4,5,0,50,17:51,0,0,0,0,53,1.9
278,edm, RW,Zack Kassian,7,1,2,3,0,18,13:32,0,0,0,0,10,10.0
279,edm, D ,Mark Fayne,38,1,1,2,-6,6,16:38,0,0,0,0,39,2.6
280,edm, C ,Anton Lander,48,0,2,2,-10,12,12:06,0,0,0,0,42,0.0
281,edm, LW,Jujhar Khaira,12,0,2,2,-1,7,10:08,0,0,0,0,13,0.0
282,edm, D ,Adam Clendening,1,0,1,1,1,4,14:52,0,0,0,0,3,0.0
283,edm, LW,Anton Slepyshev,11,0,1,1,-5,2,8:41,0,0,0,0,5,0.0
284,edm, D ,Griffin Reinhart,14,0,1,1,1,12,16:24,0,0,0,0,15,0.0
285,edm, D ,Nikita Nikitin,7,0,1,1,-2,8,14:46,0,0,0,0,9,0.0
286,edm, LW,Rob Klinkhammer,14,1,0,1,-6,6,9:25,0,0,0,0,10,10.0
287,edm, LW,Luke Gazdic,28,1,0,1,-6,22,6:19,0,0,0,0,18,5.6
288,edm, D ,Brad Hunt,7,0,0,0,-1,2,14:11,0,0,0,0,12,0.0
289,la, C ,Anze Kopitar,50,13,31,44,18,12,21:09,2,9,0,2,110,11.8
290,la, C ,Tyler Toffoli,50,22,15,37,23,8,17:43,7,1,1,0,130,16.9
291,la, C ,Jeff Carter,45,13,22,35,9,10,18:15,2,6,1,1,130,10.0
292,la, LW,Milan Lucic,49,12,18,30,9,58,16:46,1,4,0,0,77,15.6
293,la, D ,Drew Doughty,50,10,20,30,13,38,28:00,7,7,1,0,119,8.4
294,la, D ,Jake Muzzin,50,6,23,29,5,44,22:41,1,9,0,1,115,5.2
295,la, LW,Tanner Pearson,50,6,15,21,8,12,14:55,2,1,0,0,93,6.5
296,la, RW,Marian Gaborik,50,10,9,19,-2,20,15:11,0,2,0,0,134,7.5
297,la, RW,Dustin Brown,50,7,11,18,-5,20,16:07,2,1,0,0,138,5.1
298,la, D ,Alec Martinez,50,6,12,18,14,20,21:38,3,6,0,1,82,7.3
299,la, C ,Trevor Lewis,43,5,6,11,-4,12,14:49,0,1,0,0,98,5.1
300,la, D ,Christian Ehrhoff,39,2,7,9,-10,30,15:14,0,6,0,0,60,3.3
301,la, C ,Nick Shore,47,3,5,8,-8,20,13:00,0,2,0,0,63,4.8
302,la, D ,Jamie McBain,35,2,6,8,0,6,12:29,1,5,0,0,25,8.0
303,la, C ,Vincent Lecavalier,11,5,2,7,3,4,12:58,4,0,0,0,16,31.3
304,la, LW,Dwight King,15,4,3,7,2,4,14:30,0,0,0,0,17,23.5
305,la, D ,Brayden McNabb,49,2,5,7,6,61,20:23,0,0,0,0,61,3.3
306,la, C ,Jordan Nolan,46,0,4,4,0,34,8:42,0,0,0,0,41,0.0
307,la, C ,Andy Andreoff,41,3,1,4,-1,46,9:04,0,0,0,0,26,11.5
308,la, LW,Michael Mersch,15,1,2,3,1,0,10:41,0,0,0,0,21,4.8
309,la, LW,Kyle Clifford,26,0,3,3,-4,28,8:58,0,0,0,0,18,0.0
310,la, D ,Derek Forbort,14,1,1,2,-1,17,11:03,0,0,0,0,14,7.1
311,la, D ,Luke Schenn,11,0,2,2,2,20,17:58,0,0,0,0,14,0.0
312,la, D ,Matt Greene,3,0,0,0,0,8,11:45,0,0,0,0,3,0.0
313,sj, C ,Joe Pavelski,49,25,24,49,17,22,20:21,8,12,0,0,133,18.8
314,sj, D ,Brent Burns,49,18,26,44,-11,30,26:16,6,13,1,1,210,8.6
315,sj, C ,Joe Thornton,49,9,32,41,17,42,18:40,5,8,0,0,77,11.7
316,sj, C ,Patrick Marleau,49,15,17,32,-13,6,19:52,5,11,0,0,125,12.0
317,sj, RW,Joel Ward,47,15,16,31,-8,14,17:41,4,4,0,0,86,17.4
318,sj, D ,Marc-Edouard Vlasic,46,7,19,26,12,17,23:19,2,4,0,1,85,8.2
319,sj, C ,Tomas Hertl,48,10,16,26,6,14,15:56,1,2,0,0,122,8.2
320,sj, RW,Joonas Donskoi,44,7,15,22,-1,12,13:50,1,2,0,0,57,12.3
321,sj, D ,Justin Braun,47,1,17,18,12,20,21:32,0,1,0,0,71,1.4
322,sj, C ,Chris Tierney,47,6,10,16,-7,16,13:22,1,0,1,0,59,10.2
323,sj, C ,Tommy Wingels,49,5,9,14,-12,38,14:17,1,2,0,2,85,5.9
324,sj, D ,Paul Martin,46,2,10,12,2,14,20:36,0,0,0,0,30,6.7
325,sj, LW,Matt Nieto,46,6,5,11,-8,10,13:20,0,1,2,0,62,9.7
326,sj, RW,Melker Karlsson,34,6,4,10,7,6,14:04,0,0,0,0,61,9.8
327,sj, C ,Logan Couture,19,3,7,10,1,8,16:30,0,4,0,0,45,6.7
328,sj, D ,Brenden Dillon,49,1,5,6,7,49,16:43,0,0,0,0,54,1.9
329,sj, RW,Dainius Zubrus,19,2,1,3,4,10,12:04,0,0,0,0,15,13.3
330,sj, RW,Mike Brown,42,1,2,3,-2,59,7:10,0,0,0,0,36,2.8
331,sj, LW,Barclay Goodrow,14,0,3,3,1,16,10:16,0,0,0,1,7,0.0
332,sj, D ,Matt Tennyson,23,1,2,3,0,0,11:26,1,0,0,0,22,4.5
333,sj, RW,Nikolay Goldobin,9,1,1,2,1,0,11:11,0,0,0,0,7,14.3
334,sj, D ,Dylan DeMelo,24,1,1,2,-4,6,12:03,1,1,0,0,15,6.7
335,sj, LW,Bryan Lerg,6,0,0,0,1,0,8:53,0,0,0,0,4,0.0
336,sj, RW,Ben Smith,6,0,0,0,-1,0,5:59,0,0,0,0,1,0.0
337,sj, C ,Micheal Haley,8,0,0,0,-2,20,5:53,0,0,0,0,5,0.0
338,sj, LW,John McCarthy,1,0,0,0,0,0,7:05,0,0,0,0,0,0.0
339,van, LW,Daniel Sedin,50,21,23,44,15,24,18:21,6,8,0,1,175,12.0
340,van, C ,Henrik Sedin,44,9,28,37,11,10,18:35,4,10,1,0,54,16.7
341,van, RW,Jannik Hansen,46,15,11,26,16,18,16:13,0,0,1,0,84,17.9
342,van, RW,Radim Vrbata,48,11,11,22,-22,10,16:35,4,4,0,0,163,6.7
343,van, C ,Bo Horvat,50,9,13,22,-24,10,17:01,3,5,0,0,83,10.8
344,van, D ,Alexander Edler,49,6,14,20,-6,44,24:38,3,6,0,0,99,6.1
345,van, LW,Sven Baertschi,42,9,8,17,-2,6,12:10,1,2,0,0,52,17.3
346,van, LW,Alex Burrows,48,7,7,14,-11,30,15:38,2,3,0,0,85,8.2
347,van, D ,Ben Hutton,43,1,12,13,-4,10,18:16,0,2,0,0,60,1.7
348,van, C ,Jared McCann,44,7,5,12,0,20,12:36,1,0,0,0,77,9.1
349,van, D ,Chris Tanev,46,2,10,12,4,4,21:35,1,0,0,1,26,7.7
350,van, D ,Matt Bartkowski,49,2,9,11,-13,34,18:41,0,0,0,0,48,4.2
351,van, RW,Derek Dorsett,49,3,6,9,-9,117,12:49,0,0,0,1,67,4.5
352,van, C ,Brandon Sutter,17,5,4,9,5,2,18:45,1,0,1,0,39,12.8
353,van, RW,Adam Cracknell,39,3,5,8,0,6,12:37,0,0,0,0,45,6.7
354,van, RW,Brandon Prust,35,1,6,7,-3,59,12:47,0,0,0,0,19,5.3
355,van, RW,Linden Vey,16,1,5,6,-2,4,14:52,0,1,0,0,16,6.3
356,van, D ,Yannick Weber,35,0,5,5,-13,24,19:10,0,5,0,0,56,0.0
357,van, D ,Luca Sbisa,23,1,4,5,5,19,17:29,0,0,0,1,17,5.9
358,van, RW,Jake Virtanen,26,2,3,5,-2,19,10:11,0,0,0,0,39,5.1
359,van, D ,Alex Biega,25,0,4,4,-3,12,17:51,0,0,0,0,31,0.0
360,van, D ,Dan Hamhuis,27,0,4,4,7,12,19:40,0,1,0,0,29,0.0
361,van, LW,Chris Higgins,25,2,1,3,-12,4,14:03,0,0,0,0,39,5.1
362,van, RW,Emerson Etem,8,0,1,1,0,2,14:31,0,0,0,0,16,0.0
363,van, D ,Taylor Fedun,1,0,1,1,1,0,18:48,0,0,0,0,0,0.0
364,van, C ,Brendan Gaunce,2,1,0,1,0,0,10:49,0,0,0,0,2,50.0
365,van, LW,Mike Zalewski,2,0,1,1,1,2,11:51,0,0,0,0,1,0.0
366,van, RW,Alex Grenier,1,0,0,0,0,0,8:52,0,0,0,0,4,0.0
367,van, C ,Hunter Shinkaruk,1,0,0,0,0,0,9:35,0,0,0,0,0,0.0
368,bos, C ,Patrice Bergeron,50,19,25,44,8,28,20:06,9,11,1,2,175,10.9
369,bos, LW,Loui Eriksson,50,15,24,39,11,6,19:40,8,4,1,1,104,14.4
370,bos, C ,David Krejci,40,12,26,38,3,18,20:22,2,10,0,0,81,14.8
371,bos, C ,Ryan Spooner,50,10,27,37,-6,27,14:58,5,9,0,0,106,9.4
372,bos, LW,Brad Marchand,45,22,12,34,12,64,18:34,4,2,3,1,147,15.0
373,bos, D ,Zdeno Chara,48,7,20,27,9,36,24:18,1,6,0,2,96,7.3
374,bos, LW,Matt Beleskey,48,8,17,25,9,38,15:49,1,1,0,0,97,8.2
375,bos, RW,Jimmy Hayes,48,11,12,23,-5,37,13:38,3,2,0,0,78,14.1
376,bos, D ,Torey Krug,49,3,20,23,4,25,21:26,0,11,0,0,152,2.0
377,bos, RW,Brett Connolly,47,7,9,16,-3,16,14:00,2,3,0,0,61,11.5
378,bos, D ,Colin Miller,37,3,12,15,2,30,15:57,0,5,0,0,54,5.6
379,bos, D ,Kevan Miller,43,3,10,13,6,34,19:47,0,1,0,0,37,8.1
380,bos, LW,David Pastrnak,19,5,6,11,0,10,13:35,0,1,0,0,35,14.3
381,bos, C ,Frank Vatrano,30,6,1,7,-3,10,11:55,0,0,0,0,76,7.9
382,bos, C ,Landon Ferraro,29,3,4,7,-4,13,12:06,0,0,0,0,33,9.1
383,bos, D ,Dennis Seidenberg,34,0,7,7,-2,14,19:49,0,1,0,0,42,0.0
384,bos, D ,Adam McQuaid,38,1,5,6,6,49,17:48,0,0,0,0,22,4.5
385,bos, C ,Max Talbot,29,2,3,5,-8,13,11:19,0,1,0,0,23,8.7
386,bos, D ,Zach Trotman,28,1,4,5,1,20,19:18,0,0,0,0,52,1.9
387,bos, RW,Tyler Randell,20,4,0,4,1,40,6:31,0,0,0,0,12,33.3
388,bos, C ,Zac Rinaldo,42,1,2,3,-5,68,8:23,0,0,0,0,35,2.9
389,bos, LW,Joonas Kemppainen,35,1,2,3,-11,4,12:36,0,0,0,0,30,3.3
390,bos, D ,Joe Morrow,18,1,2,3,-5,4,16:16,0,0,0,0,20,5.0
391,bos, C ,Chris Kelly,11,2,0,2,3,0,13:05,0,0,1,0,8,25.0
392,bos, D ,Tommy Cross,3,0,1,1,-1,0,13:05,0,0,0,1,0,0.0
393,bos, C ,Seth Griffith,2,0,1,1,-4,0,11:43,0,1,0,0,0,0.0
394,buf, C ,Ryan O'Reilly,50,17,23,40,-16,6,21:53,7,10,0,0,114,14.9
395,buf, C ,Jack Eichel,50,16,18,34,-11,8,18:40,6,6,0,0,150,10.7
396,buf, D ,Rasmus Ristolainen,50,8,23,31,-14,14,25:11,4,10,0,0,118,6.8
397,buf, LW,Jamie McGinn,50,10,11,21,-11,8,13:34,4,3,0,0,84,11.9
398,buf, C ,Sam Reinhart,47,12,8,20,-2,8,16:21,4,1,0,0,94,12.8
399,buf, LW,Evander Kane,40,11,8,19,-13,32,21:09,2,3,1,0,157,7.0
400,buf, RW,Brian Gionta,47,6,10,16,-11,6,17:59,0,4,0,0,95,6.3
401,buf, D ,Cody Franson,50,4,10,14,-5,24,17:12,1,6,0,0,83,4.8
402,buf, LW,Matt Moulson,49,4,9,13,2,6,13:09,1,3,0,0,79,5.1
403,buf, LW,Tyler Ennis,23,3,8,11,-9,11,18:04,2,2,0,0,57,5.3
404,buf, LW,Marcus Foligno,44,3,7,10,-6,31,12:03,0,2,0,0,35,8.6
405,buf, C ,Zemgus Girgensons,42,5,5,10,-2,10,15:12,1,0,0,1,75,6.7
406,buf, C ,David Legwand,47,3,6,9,-5,10,9:26,0,1,0,0,40,7.5
407,buf, D ,Zach Bogosian,33,1,7,8,-16,34,22:05,0,2,0,0,47,2.1
408,buf, D ,Jake McCabe,46,3,5,8,-8,16,18:24,0,0,0,0,33,9.1
409,buf, LW,Nicolas Deslauriers,38,3,4,7,-8,23,9:39,0,0,0,0,33,9.1
410,buf, D ,Josh Gorges,45,1,6,7,-4,50,20:15,0,0,0,0,35,2.9
411,buf, LW,Johan Larsson,47,1,4,5,-8,15,13:53,0,1,0,0,53,1.9
412,buf, D ,Carlo Colaiacovo,20,0,4,4,-6,4,15:36,0,1,0,0,18,0.0
413,buf, D ,Mike Weber,32,0,4,4,4,32,15:55,0,0,0,0,24,0.0
414,buf, LW,Tim Schaller,17,1,2,3,3,2,8:19,0,0,1,0,18,5.6
415,buf, C ,Cal O'Reilly,5,0,1,1,-1,2,8:41,0,0,0,0,2,0.0
416,det, LW,Henrik Zetterberg,49,9,24,33,5,10,19:08,2,12,0,0,112,8.0
417,det, C ,Dylan Larkin,48,15,18,33,24,28,16:54,1,1,0,0,127,11.8
418,det, LW,Tomas Tatar,48,14,14,28,-3,12,14:55,5,4,0,0,103,13.6
419,det, C ,Gustav Nyquist,49,13,13,26,-5,14,15:39,6,4,0,0,102,12.7
420,det, LW,Justin Abdelkader,49,14,10,24,-3,55,18:01,5,1,0,0,88,15.9
421,det, C ,Pavel Datsyuk,34,6,18,24,12,2,19:38,2,5,0,0,77,7.8
422,det, D ,Mike Green,43,2,17,19,-6,24,20:40,1,9,0,0,81,2.5
423,det, D ,Niklas Kronwall,45,3,14,17,-10,14,22:45,0,10,0,0,43,7.0
424,det, D ,Danny DeKeyser,45,6,8,14,11,20,21:13,0,0,0,0,45,13.3
425,det, C ,Brad Richards,35,5,8,13,7,0,15:07,1,4,0,0,97,5.2
426,det, C ,Darren Helm,45,4,9,13,-3,16,15:09,0,0,0,0,88,4.5
427,det, C ,Riley Sheahan,49,7,6,13,-14,6,15:44,2,0,0,0,84,8.3
428,det, LW,Teemu Pulkkinen,28,6,6,12,3,12,12:08,1,2,0,0,53,11.3
429,det, D ,Brendan Smith,41,3,9,12,3,39,17:13,1,0,0,0,46,6.5
430,det, C ,Luke Glendening,48,4,7,11,-3,28,13:58,0,0,0,0,45,8.9
431,det, D ,Jonathan Ericsson,44,1,7,8,6,42,19:11,0,0,0,0,41,2.4
432,det, D ,Alexei Marchenko,40,1,4,5,-3,6,16:27,0,0,0,0,22,4.5
433,det, D ,Jakub Kindl,23,2,3,5,1,10,16:51,0,0,0,0,34,5.9
434,det, D ,Kyle Quincey,14,1,3,4,2,8,18:44,0,0,0,0,19,5.3
435,det, RW,Tomas Jurco,26,2,2,4,-3,12,9:12,0,0,0,0,26,7.7
436,det, C ,Joakim Andersson,26,1,2,3,1,6,9:17,0,0,0,0,16,6.3
437,det, LW,Drew Miller,28,1,1,2,-5,2,12:58,0,0,0,0,27,3.7
438,det, LW,Johan Franzen,2,0,1,1,0,2,12:57,0,1,0,0,3,0.0
439,det, C ,Andreas Athanasiou,6,1,0,1,0,0,8:54,0,0,0,0,11,9.1
440,det, C ,Tomas Nosek,6,0,0,0,-2,2,10:08,0,0,0,0,2,0.0
441,fla, C ,Jonathan Huberdeau,50,10,27,37,12,20,18:42,3,7,1,0,117,8.5
442,fla, RW,Jaromir Jagr,47,15,19,34,11,26,16:56,3,4,0,0,78,19.2
443,fla, C ,Aleksander Barkov,40,14,19,33,13,6,19:30,6,3,0,1,99,14.1
444,fla, LW,Jussi Jokinen,50,9,22,31,10,30,17:34,2,5,0,0,97,9.3
445,fla, C ,Vincent Trocheck,50,15,14,29,2,22,16:33,4,5,0,0,100,15.0
446,fla, RW,Reilly Smith,50,16,13,29,11,8,18:07,3,4,0,1,106,15.1
447,fla, D ,Aaron Ekblad,46,10,11,21,22,23,20:44,2,4,0,0,108,9.3
448,fla, C ,Brandon Pirri,46,9,12,21,-6,26,14:55,3,5,0,0,104,8.7
449,fla, D ,Brian Campbell,50,4,15,19,16,14,21:39,0,7,1,0,65,6.2
450,fla, C ,Nick Bjugstad,35,9,8,17,-3,33,15:53,3,5,0,0,78,11.5
451,fla, C ,Quinton Howden,42,6,4,10,6,18,10:30,0,0,0,0,40,15.0
452,fla, C ,Derek MacKenzie,46,4,6,10,6,29,12:48,0,0,0,1,46,8.7
453,fla, D ,Dmitry Kulikov,42,1,7,8,11,31,20:29,0,2,0,0,59,1.7
454,fla, D ,Willie Mitchell,46,1,6,7,-2,18,19:56,0,0,0,0,33,3.0
455,fla, D ,Erik Gudbranson,50,1,5,6,3,38,19:50,0,0,0,0,51,2.0
456,fla, D ,Alex Petrovic,37,1,5,6,-3,37,16:59,0,0,0,0,30,3.3
457,fla, C ,Corban Knight,18,2,4,6,2,4,9:43,0,0,0,0,11,18.2
458,fla, RW,Logan Shaw,29,4,2,6,-3,11,12:30,0,0,0,0,36,11.1
459,fla, C ,Connor Brickley,23,1,4,5,1,14,8:44,0,0,0,0,13,7.7
460,fla, C ,Dave Bolland,25,1,4,5,-2,16,14:06,0,3,0,0,26,3.8
461,fla, D ,Steven Kampfer,21,0,2,2,1,8,15:02,0,1,0,0,17,0.0
462,fla, RW,Shawn Thornton,29,1,1,2,-2,50,8:42,0,0,0,0,30,3.3
463,fla, C ,Rocco Grimaldi,14,1,1,2,-5,0,11:48,0,0,0,0,18,5.6
464,mtl, D ,P.K. Subban,51,4,34,38,5,49,26:06,2,17,0,0,139,2.9
465,mtl, LW,Max Pacioretty,51,19,17,36,-6,22,18:40,7,4,1,0,201,9.5
466,mtl, C ,Tomas Plekanec,51,9,25,34,-3,20,18:50,1,9,0,0,126,7.1
467,mtl, C ,Alex Galchenyuk,51,11,18,29,-13,10,15:27,4,7,0,0,119,9.2
468,mtl, RW,Brendan Gallagher,34,12,14,26,2,18,16:54,5,2,0,0,108,11.1
469,mtl, D ,Andrei Markov,51,3,22,25,-2,16,22:41,3,8,0,0,68,4.4
470,mtl, C ,David Desharnais,51,9,15,24,-4,16,16:01,3,1,0,0,71,12.7
471,mtl, RW,Dale Weise,47,11,10,21,1,20,14:34,2,2,0,0,104,10.6
472,mtl, LW,Tomas Fleischmann,49,9,9,18,0,26,15:39,0,1,1,0,89,10.1
473,mtl, D ,Jeff Petry,48,5,11,16,-7,14,21:32,1,4,0,3,93,5.4
474,mtl, D ,Nathan Beaulieu,50,2,14,16,0,36,16:55,1,2,0,0,60,3.3
475,mtl, C ,Lars Eller,51,8,7,15,-10,20,14:38,1,0,1,0,86,9.3
476,mtl, C ,Torrey Mitchell,40,6,6,12,4,41,11:41,0,0,1,2,41,14.6
477,mtl, C ,Paul Byron,35,8,3,11,0,4,13:05,0,0,3,2,32,25.0
478,mtl, RW,Devante Smith-Pelly,36,4,6,10,-3,16,11:15,0,0,0,0,46,8.7
479,mtl, RW,Brian Flynn,51,4,6,10,-1,6,11:46,0,0,1,1,65,6.2
480,mtl, LW,Daniel Carr,19,5,3,8,-1,4,11:50,1,0,0,0,34,14.7
481,mtl, D ,Alexei Emelin,41,0,5,5,-6,45,19:04,0,0,0,0,32,0.0
482,mtl, RW,Sven Andrighetto,17,4,1,5,4,2,12:37,0,0,0,0,19,21.1
483,mtl, RW,Alexander Semin,15,1,3,4,1,12,12:20,0,0,0,0,18,5.6
484,mtl, D ,Mark Barberio,14,1,2,3,-1,2,13:47,0,0,0,0,17,5.9
485,mtl, RW,Christian Thomas,5,0,2,2,1,2,8:37,0,0,0,0,6,0.0
486,mtl, LW,Charles Hudon,2,0,2,2,2,0,8:50,0,0,0,0,1,0.0
487,mtl, D ,Tom Gilbert,37,0,1,1,4,10,16:16,0,0,0,1,31,0.0
488,mtl, C ,Bud Holloway,1,0,0,0,0,0,7:19,0,0,0,0,1,0.0
489,mtl, D ,Jarred Tinordi,3,0,0,0,-3,5,13:06,0,0,0,0,0,0.0
490,mtl, D ,Greg Pateryn,11,0,0,0,-3,4,13:59,0,0,0,0,9,0.0
491,mtl, LW,Jacob De La Rose,3,0,0,0,1,0,10:54,0,0,0,0,1,0.0
492,ott, D ,Erik Karlsson,51,11,42,53,4,28,28:56,1,17,0,0,148,7.4
493,ott, RW,Bobby Ryan,50,18,25,43,0,12,17:40,5,7,0,0,119,15.1
494,ott, LW,Mike Hoffman,47,22,18,40,7,8,17:52,6,3,0,0,143,15.4
495,ott, RW,Mark Stone,49,12,23,35,-15,26,20:11,3,8,0,1,90,13.3
496,ott, C ,Mika Zibanejad,50,10,21,31,-1,14,17:25,1,6,2,0,94,10.6
497,ott, C ,Kyle Turris,46,13,17,30,-11,24,20:23,3,5,0,1,114,11.4
498,ott, C ,Jean-Gabriel Pageau,51,12,6,18,1,4,15:44,0,0,5,0,84,14.3
499,ott, D ,Cody Ceci,44,5,10,15,-2,14,18:45,0,2,0,0,60,8.3
500,ott, C ,Zack Smith,50,9,4,13,4,51,13:46,1,0,3,0,53,17.0
501,ott, RW,Curtis Lazar,46,3,9,12,-3,9,13:40,1,1,0,2,46,6.5
502,ott, C ,Shane Prince,36,2,9,11,3,4,10:31,0,0,0,0,52,3.8
503,ott, LW,Milan Michalek,32,6,4,10,1,12,16:48,3,0,0,0,56,10.7
504,ott, RW,Chris Neil,51,2,6,8,-3,108,9:02,0,0,0,0,51,3.9
505,ott, D ,Marc Methot,42,2,4,6,6,26,20:46,0,0,0,0,41,4.9
506,ott, D ,Chris Wideman,36,5,1,6,-5,14,14:11,1,0,0,0,58,8.6
507,ott, RW,Alex Chiasson,46,3,3,6,-4,27,14:02,2,0,0,0,61,4.9
508,ott, LW,Max McCormick,19,2,2,4,-3,27,10:38,0,0,0,0,37,5.4
509,ott, LW,David Dziurzynski,13,1,3,4,-4,9,10:36,0,0,0,0,14,7.1
510,ott, D ,Patrick Wiercioch,43,0,4,4,-4,22,17:57,0,2,0,0,50,0.0
511,ott, D ,Jared Cowen,37,0,4,4,7,16,16:59,0,0,0,0,23,0.0
512,ott, D ,Mark Borowiecki,51,1,1,2,-4,101,15:08,0,0,0,0,22,4.5
513,ott, LW,Matt Puempel,14,1,1,2,0,4,11:26,0,0,0,0,10,10.0
514,ott, C ,Ryan Dzingel,1,0,0,0,-1,2,5:25,0,0,0,0,0,0.0
515,ott, LW,Colin Greening,1,0,0,0,0,0,4:00,0,0,0,0,2,0.0
516,tb, RW,Nikita Kucherov,49,20,21,41,2,18,18:24,7,11,0,0,119,16.8
517,tb, C ,Steven Stamkos,49,21,17,38,-5,18,19:50,10,7,0,0,145,14.5
518,tb, D ,Victor Hedman,48,4,24,28,9,26,22:34,1,7,0,1,113,3.5
519,tb, C ,Vladislav Namestnikov,49,10,15,25,15,21,14:41,1,3,0,0,64,15.6
520,tb, C ,Valtteri Filppula,49,6,18,24,-8,34,18:58,1,7,1,0,72,8.3
521,tb, D ,Anton Stralman,49,6,18,24,8,12,22:14,1,8,0,0,84,7.1
522,tb, C ,Alex Killorn,48,8,15,23,6,20,16:46,2,3,0,1,88,9.1
523,tb, C ,Tyler Johnson,36,5,11,16,4,8,17:28,0,7,0,0,80,6.3
524,tb, RW,Ryan Callahan,48,5,9,14,-5,26,17:26,1,1,0,0,105,4.8
525,tb, RW,J.T. Brown,45,4,10,14,10,25,12:45,0,0,0,2,79,5.1
526,tb, LW,Ondrej Palat,29,4,9,13,2,4,17:21,1,2,0,0,55,7.3
527,tb, C ,Brian Boyle,43,9,3,12,2,14,13:01,0,0,2,0,61,14.8
528,tb, C ,Jonathan Marchessault,26,6,5,11,-7,8,11:42,4,2,0,0,47,12.8
529,tb, D ,Andrej Sustr,47,2,9,11,-2,16,16:32,0,0,0,0,37,5.4
530,tb, LW,Jonathan Drouin,19,2,6,8,1,4,14:07,0,2,0,0,19,10.5
531,tb, D ,Braydon Coburn,49,1,6,7,6,34,16:22,0,0,0,1,54,1.9
532,tb, D ,Jason Garrison,49,4,3,7,2,8,18:43,0,0,0,0,66,6.1
533,tb, RW,Erik Condra,33,3,3,6,-2,20,11:15,0,0,0,0,33,9.1
534,tb, D ,Nikita Nesterov,27,3,2,5,4,25,14:05,2,0,0,0,27,11.1
535,tb, RW,Michael Blunden,9,2,2,4,4,11,8:13,0,0,0,0,9,22.2
536,tb, C ,Cedric Paquette,25,2,2,4,-3,23,12:28,0,0,0,0,26,7.7
537,tb, LW,Yanni Gourde,2,0,1,1,1,2,7:19,0,0,0,0,0,0.0
538,tb, RW,Joel Vermin,6,0,1,1,1,0,9:08,0,0,0,0,1,0.0
539,tb, LW,Mike Angelidis,4,1,0,1,2,5,9:00,0,0,0,0,1,100.0
540,tb, D ,Matt Carle,36,0,0,0,-6,18,15:54,0,0,0,0,32,0.0
541,tb, D ,Matt Taormina,1,0,0,0,0,0,9:16,0,0,0,0,1,0.0
542,tb, LW,Tye McGinn,2,0,0,0,0,0,8:33,0,0,0,0,1,0.0
543,tor, C ,Leo Komarov,49,17,16,33,7,22,17:46,4,3,1,0,95,17.9
544,tor, LW,James van Riemsdyk,40,14,15,29,3,6,17:46,5,4,0,0,129,10.9
545,tor, C ,Tyler Bozak,45,9,20,29,-1,16,17:48,2,6,0,0,82,11.0
546,tor, C ,Nazem Kadri,49,11,17,28,3,41,18:14,1,5,0,0,182,6.0
547,tor, RW,P.A. Parenteau,49,12,12,24,-3,26,16:10,5,3,0,0,99,12.1
548,tor, D ,Morgan Rielly,49,5,18,23,-2,10,22:20,1,2,0,0,98,5.1
549,tor, D ,Dion Phaneuf,49,3,19,22,-5,67,22:01,0,7,0,0,109,2.8
550,tor, C ,Peter Holland,44,7,13,20,-9,20,13:57,4,5,0,0,79,8.9
551,tor, D ,Jake Gardiner,46,3,13,16,-4,26,19:29,0,8,0,0,58,5.2
552,tor, C ,Shawn Matthias,48,4,11,15,-6,10,13:12,0,0,0,1,64,6.3
553,tor, RW,Joffrey Lupul,44,11,3,14,-9,12,14:44,2,2,0,0,100,11.0
554,tor, RW,Brad Boyes,38,5,9,14,-5,12,11:30,0,2,0,0,56,8.9
555,tor, RW,Daniel Winnik,45,4,8,12,-2,10,13:43,0,0,0,0,67,6.0
556,tor, D ,Roman Polak,47,1,11,12,10,46,19:16,0,0,0,0,46,2.2
557,tor, RW,Michael Grabner,47,6,5,11,6,4,14:01,0,0,0,0,63,9.5
558,tor, D ,Matt Hunwick,48,1,6,7,-7,26,22:32,0,1,0,0,54,1.9
559,tor, C ,Nick Spaling,27,0,4,4,-5,12,15:24,0,0,0,0,19,0.0
560,tor, C ,Byron Froese,39,1,3,4,-11,12,13:17,0,0,0,0,51,2.0
561,tor, D ,Scott Harrington,15,0,1,1,0,4,13:06,0,0,0,0,9,0.0
562,tor, D ,Frank Corrado,6,0,1,1,-4,4,10:15,0,0,0,0,4,0.0
563,tor, LW,Josh Leivo,4,0,0,0,0,2,12:19,0,0,0,0,5,0.0
564,tor, C ,Mark Arcobello,11,0,0,0,0,0,10:17,0,0,0,0,15,0.0
565,car, D ,Justin Faulk,51,14,19,33,-14,25,24:42,12,4,0,0,154,9.1
566,car, RW,Kris Versteeg,50,10,21,31,3,20,16:29,2,6,0,0,106,9.4
567,car, C ,Eric Staal,51,9,21,30,2,26,19:25,1,5,0,0,129,7.0
568,car, C ,Victor Rask,49,12,17,29,-1,16,16:41,1,11,0,0,99,12.1
569,car, LW,Jeff Skinner,51,18,10,28,-5,16,15:48,3,1,0,0,144,12.5
570,car, C ,Jordan Staal,51,11,16,27,4,12,17:36,2,4,0,1,90,12.2
571,car, C ,Elias Lindholm,51,7,16,23,-8,16,17:38,1,5,0,0,110,6.4
572,car, RW,Andrej Nestrasil,44,5,12,17,-4,4,14:17,2,0,0,0,80,6.3
573,car, D ,Ron Hainsey,51,3,11,14,-12,23,22:12,0,0,0,0,84,3.6
574,car, D ,John-Michael Liles,51,5,7,12,-4,8,20:17,1,2,1,0,64,7.8
575,car, D ,Brett Pesce,41,4,8,12,-1,8,18:12,1,4,0,0,47,8.5
576,car, C ,Joakim Nordstrom,40,5,7,12,0,10,14:46,0,0,0,0,38,13.2
577,car, D ,Noah Hanifin,48,1,9,10,0,16,17:38,0,3,0,0,68,1.5
578,car, D ,Jaccob Slavin,32,1,8,9,2,4,18:24,0,3,0,0,46,2.2
579,car, C ,Riley Nash,38,4,5,9,-3,10,13:05,0,0,0,0,45,8.9
580,car, LW,Phil Di Giuseppe,18,3,5,8,3,8,12:47,0,0,0,0,23,13.0
581,car, C ,Jay McClement,50,1,6,7,-12,10,11:41,0,0,0,0,42,2.4
582,car, C ,Brad Malone,37,2,3,5,-2,52,8:52,0,0,0,0,20,10.0
583,car, D ,Ryan Murphy,18,0,4,4,0,4,18:03,0,1,0,0,31,0.0
584,car, LW,Chris Terry,39,4,0,4,-1,8,10:37,0,0,0,0,42,9.5
585,car, LW,Brock McGinn,19,3,1,4,-13,10,10:58,0,0,0,0,24,12.5
586,car, LW,Nathan Gerbe,24,1,2,3,-7,10,14:29,0,1,0,0,37,2.7
587,cbj, LW,Scott Hartnell,50,17,18,35,0,85,15:57,7,2,0,0,97,17.5
588,cbj, LW,Brandon Saad,51,19,16,35,1,12,17:23,5,2,0,0,152,12.5
589,cbj, RW,Cam Atkinson,51,17,15,32,-5,14,17:17,2,1,2,0,133,12.8
590,cbj, C ,Boone Jenner,52,17,13,30,-10,42,16:13,6,3,0,0,137,12.4
591,cbj, C ,Brandon Dubinsky,45,11,19,30,-5,39,18:42,3,3,0,0,82,13.4
592,cbj, LW,Nick Foligno,43,6,20,26,-7,32,17:04,0,10,0,0,101,5.9
593,cbj, C ,Ryan Johansen,38,6,20,26,-4,25,17:21,1,10,0,0,88,6.8
594,cbj, C ,Alexander Wennberg,40,5,14,19,0,0,15:26,0,6,0,0,56,8.9
595,cbj, D ,Ryan Murray,52,4,12,16,-4,32,22:23,1,4,0,0,53,7.5
596,cbj, D ,David Savard,39,1,15,16,-14,31,24:05,0,3,0,1,67,1.5
597,cbj, D ,Jack Johnson,50,6,8,14,-16,21,24:55,3,3,0,0,78,7.7
598,cbj, LW,Kerby Rychel,21,2,7,9,4,13,9:28,0,0,0,0,24,8.3
599,cbj, C ,William Karlsson,51,4,5,9,-18,2,14:13,0,0,0,0,63,6.3
600,cbj, LW,Matt Calvert,43,7,1,8,-7,22,15:02,0,0,0,0,66,10.6
601,cbj, D ,Kevin Connauton,27,1,7,8,10,21,15:35,0,2,0,0,44,2.3
602,cbj, D ,Cody Goloubef,23,1,6,7,-1,16,15:55,0,0,0,0,29,3.4
603,cbj, C ,Gregory Campbell,52,2,4,6,-10,64,10:54,0,0,0,0,41,4.9
604,cbj, D ,Seth Jones,11,0,6,6,3,4,24:12,0,2,0,0,19,0.0
605,cbj, LW,Rene Bourque,31,2,3,5,-11,20,11:09,0,0,0,0,49,4.1
606,cbj, D ,Justin Falk,20,0,4,4,0,17,13:49,0,0,0,0,12,0.0
607,cbj, RW,Josh Anderson,10,1,2,3,-1,2,10:36,0,0,0,0,9,11.1
608,cbj, D ,Dalton Prout,35,1,2,3,-12,43,15:35,0,0,0,0,39,2.6
609,cbj, D ,Andrew Bodnarchuk,16,0,2,2,-6,8,14:32,0,0,0,0,5,0.0
610,cbj, RW,David Clarkson,18,1,1,2,-7,13,9:23,0,0,0,0,19,5.3
611,cbj, D ,Fedor Tyutin,40,0,2,2,-5,20,17:54,0,0,0,0,14,0.0
612,cbj, C ,Michael Chaput,3,1,0,1,2,5,10:08,0,0,0,0,3,33.3
613,nj, LW,Michael Cammalleri,42,14,24,38,15,18,19:17,3,7,0,0,101,13.9
614,nj, RW,Lee Stempniak,51,15,23,38,7,28,18:45,3,8,1,0,103,14.6
615,nj, RW,Kyle Palmieri,51,20,15,35,4,33,17:15,7,7,0,0,125,16.0
616,nj, C ,Adam Henrique,49,16,16,32,13,15,19:49,2,3,2,0,96,16.7
617,nj, C ,Travis Zajac,43,7,16,23,8,17,19:55,4,4,1,1,67,10.4
618,nj, D ,David Schlemko,43,5,8,13,-8,12,17:41,1,7,0,0,65,7.7
619,nj, D ,Adam Larsson,51,2,11,13,13,56,22:14,0,0,0,1,40,5.0
620,nj, D ,Damon Severson,50,1,12,13,0,24,18:22,0,2,0,0,70,1.4
621,nj, D ,John Moore,43,3,7,10,0,14,19:37,1,2,0,0,59,5.1
622,nj, D ,Andy Greene,51,4,6,10,3,20,23:14,1,1,0,0,40,10.0
623,nj, C ,Sergey Kalinin,47,5,4,9,-7,16,13:01,3,0,0,0,48,10.4
624,nj, RW,Bobby Farnham,27,7,1,8,0,44,9:30,0,0,0,0,27,25.9
625,nj, C ,Jacob Josefson,40,2,6,8,-12,16,15:30,1,4,0,1,54,3.7
626,nj, RW,Jordin Tootoo,49,3,5,8,-20,74,12:16,2,3,0,0,60,5.0
627,nj, RW,Stephen Gionta,51,1,7,8,-5,27,12:29,0,0,0,0,45,2.2
628,nj, C ,Joseph Blandisi,12,2,5,7,-2,6,14:46,1,1,0,0,15,13.3
629,nj, LW,Patrik Elias,13,1,4,5,3,8,15:39,0,2,0,0,17,5.9
630,nj, D ,Eric Gelinas,31,1,4,5,-6,14,14:10,1,3,0,0,42,2.4
631,nj, C ,Tyler Kennedy,24,0,5,5,-6,6,12:51,0,2,0,0,25,0.0
632,nj, LW,Jiri Tlusty,30,2,2,4,-1,6,13:43,1,1,0,0,38,5.3
633,nj, D ,Jon Merrill,36,1,2,3,-6,20,16:45,0,1,0,0,20,5.0
634,nj, C ,Reid Boucher,9,2,1,3,2,2,13:07,0,0,0,0,11,18.2
635,nj, C ,Brian O'Neill,22,0,2,2,-3,8,10:22,0,0,0,0,14,0.0
636,nj, C ,Stefan Matteau,20,1,0,1,-9,13,10:05,0,0,0,0,22,4.5
637,nj, D ,Seth Helgeson,3,0,0,0,0,2,14:23,0,0,0,0,2,0.0
638,nj, D ,Marc-Andre Gragnani,4,0,0,0,-2,2,14:22,0,0,0,0,0,0.0
639,nj, LW,Tuomo Ruutu,15,0,0,0,-1,6,12:14,0,0,0,0,13,0.0
640,nj, RW,Paul Thompson,3,0,0,0,0,2,12:32,0,0,0,0,3,0.0
641,nyi, RW,Kyle Okposo,46,12,24,36,-9,33,18:10,3,10,0,0,116,10.3
642,nyi, C ,John Tavares,45,17,19,36,-3,24,19:59,3,6,0,0,145,11.7
643,nyi, C ,Frans Nielsen,48,15,16,31,-2,10,17:05,5,5,1,0,119,12.6
644,nyi, C ,Brock Nelson,48,20,10,30,1,16,16:39,3,1,0,0,112,17.9
645,nyi, C ,Mikhail Grabovski,48,8,15,23,3,33,13:54,1,2,0,0,68,11.8
646,nyi, LW,Josh Bailey,47,7,14,21,4,12,15:48,3,1,0,0,63,11.1
647,nyi, C ,Anders Lee,48,7,14,21,0,31,15:10,3,3,0,0,122,5.7
648,nyi, D ,Nick Leddy,48,3,16,19,-11,21,22:34,2,9,0,0,73,4.1
649,nyi, C ,Ryan Strome,37,5,13,18,-4,12,15:17,1,3,0,0,71,7.0
650,nyi, C ,Casey Cizikas,48,4,10,14,4,22,12:25,0,0,1,1,49,8.2
651,nyi, LW,Nikolay Kulemin,48,5,9,14,6,10,14:14,0,0,0,0,58,8.6
652,nyi, D ,Johnny Boychuk,38,3,11,14,9,17,21:33,1,2,0,0,86,3.5
653,nyi, D ,Marek Zidlicky,41,3,10,13,3,16,15:31,0,4,0,0,33,9.1
654,nyi, RW,Cal Clutterbuck,47,10,3,13,7,12,11:27,0,0,2,1,47,21.3
655,nyi, D ,Travis Hamonic,44,3,8,11,4,22,23:47,0,0,0,0,92,3.3
656,nyi, LW,Matt Martin,48,5,5,10,2,66,10:13,0,0,0,0,60,8.3
657,nyi, D ,Calvin de Haan,48,1,7,8,11,16,20:50,0,0,0,0,68,1.5
658,nyi, D ,Thomas Hickey,29,2,5,7,2,10,16:30,0,0,0,0,24,8.3
659,nyi, D ,Brian Strait,30,1,3,4,1,18,15:35,0,0,0,1,25,4.0
660,nyi, RW,Steve Bernier,15,1,2,3,1,7,11:39,0,0,0,0,21,4.8
661,nyi, D ,Adam Pelech,7,0,2,2,1,0,16:42,0,0,0,0,7,0.0
662,nyi, D ,Scott Mayfield,3,0,0,0,-2,2,14:57,0,0,0,0,1,0.0
663,nyr, C ,Derick Brassard,49,17,20,37,11,16,17:52,3,8,0,0,111,15.3
664,nyr, RW,Mats Zuccarello,50,18,17,35,2,16,18:33,5,5,0,0,101,17.8
665,nyr, LW,Rick Nash,45,12,21,33,7,24,17:18,4,2,0,1,149,8.1
666,nyr, D ,Keith Yandle,50,3,24,27,6,18,19:16,1,7,0,0,101,3.0
667,nyr, C ,J.T. Miller,50,15,12,27,11,25,14:10,2,0,0,0,81,18.5
668,nyr, D ,Ryan McDonagh,50,6,18,24,10,16,23:04,2,7,0,0,89,6.7
669,nyr, LW,Chris Kreider,47,9,14,23,1,41,16:04,1,2,0,0,99,9.1
670,nyr, RW,Kevin Hayes,48,7,15,22,1,16,13:55,2,2,0,0,86,8.1
671,nyr, C ,Oscar Lindberg,47,11,10,21,8,30,12:32,1,2,0,0,90,12.2
672,nyr, C ,Derek Stepan,40,9,12,21,5,14,17:32,1,3,1,0,96,9.4
673,nyr, RW,Jesper Fast,48,7,11,18,7,8,14:26,0,0,0,0,41,17.1
674,nyr, D ,Dan Boyle,43,5,10,15,5,26,19:21,2,7,0,0,59,8.5
675,nyr, LW,Viktor Stalberg,44,7,7,14,10,8,11:36,0,0,0,0,67,10.4
676,nyr, D ,Marc Staal,50,2,10,12,0,18,19:25,0,0,0,0,45,4.4
677,nyr, D ,Dan Girardi,44,2,9,11,8,12,19:58,0,0,0,1,43,4.7
678,nyr, C ,Dominic Moore,48,4,6,10,0,14,14:15,0,0,0,0,65,6.2
679,nyr, D ,Kevin Klein,38,3,7,10,14,13,20:01,0,1,0,0,36,8.3
680,nyr, C ,Jarret Stoll,29,1,2,3,3,20,13:47,0,0,0,0,26,3.8
681,nyr, RW,Emerson Etem,19,0,3,3,-4,2,11:05,0,0,0,0,23,0.0
682,nyr, D ,Dylan McIlrath,20,2,1,3,5,42,15:23,0,0,0,0,21,9.5
683,nyr, RW,Jayson Megna,5,1,1,2,0,2,12:51,0,0,0,0,7,14.3
684,nyr, LW,Tanner Glass,27,1,1,2,-6,27,10:17,0,0,0,0,22,4.5
685,nyr, D ,Chris Summers,3,0,0,0,-2,4,15:23,0,0,0,0,5,0.0
686,phi, C ,Claude Giroux,48,14,26,40,-5,39,20:41,5,11,1,1,136,10.3
687,phi, RW,Jakub Voracek,48,8,31,39,0,20,18:47,1,16,0,0,143,5.6
688,phi, RW,Wayne Simmonds,48,16,15,31,-7,88,17:07,7,5,0,0,122,13.1
689,phi, C ,Brayden Schenn,46,13,15,28,-2,25,16:09,7,5,0,0,97,13.4
690,phi, C ,Sean Couturier,39,9,14,23,9,14,18:18,0,2,0,1,75,12.0
691,phi, D ,Shayne Gostisbehere,30,8,15,23,5,10,18:26,4,9,0,0,68,11.8
692,phi, RW,Matt Read,47,8,9,17,-5,18,16:10,1,1,0,0,89,9.0
693,phi, C ,Scott Laughton,48,4,8,12,-7,25,10:17,0,0,0,0,56,7.1
694,phi, LW,Michael Raffl,48,6,6,12,4,18,14:28,1,0,0,0,78,7.7
695,phi, D ,Michael Del Zotto,46,3,9,12,-8,14,23:43,0,1,0,0,91,3.3
696,phi, D ,Mark Streit,29,4,7,11,-3,6,21:29,1,3,0,0,48,8.3
697,phi, D ,Evgeny Medvedev,34,3,6,9,6,28,19:14,0,2,0,0,59,5.1
698,phi, C ,Ryan White,39,5,3,8,-4,70,12:39,0,0,0,0,42,11.9
699,phi, C ,Chris VandeVelde,48,2,6,8,-4,17,13:54,0,0,1,0,52,3.8
700,phi, LW,R.J. Umberger,32,0,6,6,-1,15,9:50,0,1,0,0,40,0.0
701,phi, C ,Sam Gagner,21,2,3,5,-2,21,12:08,1,0,0,0,30,6.7
702,phi, D ,Nick Schultz,47,0,5,5,-4,22,17:33,0,0,0,0,35,0.0
703,phi, D ,Luke Schenn,29,2,3,5,-7,30,17:35,0,0,0,0,19,10.5
704,phi, RW,Pierre-Edouard Bellemare,40,3,2,5,-6,19,13:56,0,0,1,1,55,5.5
705,phi, D ,Brandon Manning,31,0,3,3,4,35,16:40,0,0,0,0,39,0.0
706,phi, D ,Radko Gudas,42,0,3,3,-2,47,20:41,0,0,0,0,77,0.0
707,phi, C ,Vincent Lecavalier,7,0,1,1,-1,2,9:28,0,0,0,0,7,0.0
708,phi, RW,Colin McDonald,5,1,0,1,0,7,8:09,0,0,0,0,4,25.0
709,phi, D ,Andrew MacDonald,1,0,0,0,0,0,19:29,0,0,0,0,0,0.0
710,phi, C ,Jordan Weal,1,0,0,0,0,0,9:51,0,0,0,0,0,0.0
711,pit, C ,Evgeni Malkin,49,23,26,49,-3,57,19:35,10,13,0,0,140,16.4
712,pit, C ,Sidney Crosby,48,20,25,45,-3,26,19:58,9,9,0,0,149,13.4
713,pit, D ,Kris Letang,39,7,28,35,-12,34,26:14,1,17,0,1,117,6.0
714,pit, RW,Phil Kessel,49,15,17,32,1,6,18:55,3,7,0,0,154,9.7
715,pit, RW,Patric Hornqvist,49,10,17,27,-2,20,16:24,4,6,0,0,158,6.3
716,pit, LW,Chris Kunitz,47,9,12,21,16,24,16:31,2,3,0,0,92,9.8
717,pit, LW,David Perron,43,4,12,16,-13,28,15:28,1,4,0,0,96,4.2
718,pit, C ,Matt Cullen,49,5,9,14,4,14,12:45,0,0,1,1,58,8.6
719,pit, D ,Olli Maatta,43,5,9,14,16,12,19:02,0,1,0,1,53,9.4
720,pit, D ,Brian Dumoulin,49,0,11,11,4,8,18:42,0,0,0,0,59,0.0
721,pit, RW,Beau Bennett,25,5,5,10,-4,8,12:44,1,2,0,0,41,12.2
722,pit, C ,Nick Bonino,40,3,7,10,4,19,15:24,1,0,0,0,52,5.8
723,pit, D ,Ben Lovejoy,49,2,6,8,6,20,19:20,0,0,0,1,68,2.9
724,pit, D ,Trevor Daley,20,4,3,7,-3,8,19:16,1,2,0,0,29,13.8
725,pit, RW,Eric Fehr,39,5,2,7,-2,11,12:59,0,0,3,0,47,10.6
726,pit, LW,Carl Hagelin,6,0,5,5,4,2,16:51,0,0,0,0,17,0.0
727,pit, D ,Rob Scuderi,25,0,4,4,4,8,17:05,0,0,0,1,9,0.0
728,pit, RW,Pascal Dupuis,18,2,2,4,-1,12,15:06,0,0,0,0,28,7.1
729,pit, D ,Ian Cole,45,0,4,4,-17,32,17:55,0,1,0,0,56,0.0
730,pit, C ,Kevin Porter,28,0,3,3,-2,0,11:43,0,0,0,0,22,0.0
731,pit, LW,Conor Sheary,16,2,1,3,-6,2,11:08,0,0,0,0,25,8.0
732,pit, RW,Daniel Sprong,18,2,0,2,-1,0,8:44,0,0,0,0,23,8.7
733,pit, LW,Sergei Plotnikov,32,0,2,2,-3,20,9:41,0,0,0,0,32,0.0
734,pit, RW,Bryan Rust,14,2,0,2,1,2,10:17,0,0,0,0,22,9.1
735,pit, C ,Scott Wilson,6,0,1,1,0,7,7:52,0,0,0,0,5,0.0
736,pit, D ,Derrick Pouliot,3,0,1,1,1,0,12:35,0,0,0,0,2,0.0
737,pit, D ,David Warsofsky,12,1,0,1,-6,0,17:45,1,0,0,0,21,4.8
738,pit, D ,Adam Clendening,9,0,1,1,3,10,13:08,0,0,0,0,11,0.0
739,wsh, C ,Evgeny Kuznetsov,48,15,36,51,25,24,17:45,3,11,0,0,106,14.2
740,wsh, C ,Nicklas Backstrom,45,17,29,46,17,22,19:24,3,16,0,0,81,21.0
741,wsh, LW,Alex Ovechkin,46,28,14,42,20,26,20:28,11,3,0,0,234,12.0
742,wsh, RW,Justin Williams,48,16,17,33,17,12,16:48,3,4,0,1,121,13.2
743,wsh, RW,T.J. Oshie,48,15,15,30,14,16,19:22,6,4,0,0,111,13.5
744,wsh, C ,Marcus Johansson,44,13,17,30,12,10,16:47,5,4,0,0,81,16.0
745,wsh, D ,John Carlson,36,6,21,27,5,12,24:19,2,10,0,1,89,6.7
746,wsh, LW,Jason Chimera,48,13,14,27,1,14,13:44,4,5,2,0,104,12.5
747,wsh, D ,Matt Niskanen,48,2,19,21,13,18,24:41,1,10,0,0,90,2.2
748,wsh, LW,Andre Burakovsky,45,8,12,20,5,6,12:13,0,3,0,0,63,12.7
749,wsh, D ,Dmitry Orlov,48,4,13,17,9,14,15:33,0,2,0,0,55,7.3
750,wsh, RW,Tom Wilson,48,4,11,15,5,111,12:53,0,1,0,1,56,7.1
751,wsh, D ,Karl Alzner,48,3,12,15,14,14,21:23,0,0,0,0,44,6.8
752,wsh, C ,Jay Beagle,36,6,6,12,1,14,14:23,0,0,0,0,42,14.3
753,wsh, D ,Nate Schmidt,43,2,10,12,15,9,19:08,0,0,0,0,56,3.6
754,wsh, C ,Michael Latta,32,3,3,6,-1,38,8:25,0,0,0,0,24,12.5
755,wsh, D ,Taylor Chorney,39,0,5,5,12,17,12:59,0,0,0,0,19,0.0
756,wsh, C ,Brooks Laich,47,1,4,5,-7,10,10:50,0,0,0,0,50,2.0
757,wsh, D ,Brooks Orpik,14,1,2,3,-1,18,19:15,0,0,0,0,12,8.3
758,wsh, RW,Stanislav Galiev,14,0,2,2,1,4,9:14,0,0,0,0,15,0.0
759,wsh, D ,Aaron Ness,8,0,2,2,4,2,12:23,0,0,0,0,8,0.0
760,wsh, LW,Zach Sill,8,1,0,1,0,2,9:45,0,0,0,0,10,10.0
761,wsh, C ,Mike Richards,5,0,0,0,0,2,12:32,0,0,0,0,4,0.0
762,wsh, C ,Sean Collins,2,0,0,0,-1,2,8:32,0,0,0,0,0,0.0
763,wsh, C ,Chris Brown,1,0,0,0,0,0,7:41,0,0,0,0,1,0.0
764,wsh, C ,Paul Carey,2,0,0,0,-1,0,9:47,0,0,0,0,2,0.0
765,wsh, D ,Ryan Stanton,1,0,0,0,-1,2,8:41,0,0,0,0,0,0.0
